Building_Type,Year_Built,Floor_Area_m2,Orientation,Material,Insulation_Level,insulation_binary,Solar_Potential_kWh_m2,Wind_Potential_m_s,Geothermal_Potential,Energy_Demand_kWh,Installation_Area_m2,Carbon_Reduction_%,Payback_Period_Years,Optimal_Solar_Utilization_%
Stone_Villa,1844,67,East,Stone,Medium,High,4.962382804,2.202130615,1.2328137,8740,78,25.37751709,11.39909523,22.98301663
Thatched_Hut,1900,89,North,Timber,High,High,4.914786746,4.494622359,1.286294407,5358,34,26.92584375,8.824947087,7.357229323
Wooden_House,1911,70,North,Timber,Medium,High,4.709916117,2.53197966,1.500403126,8777,29,24.82472811,7.493479221,11.28005496
Stone_Villa,1919,192,North,Brick,Low,Low,7.401493109,4.169214908,0.900716105,10906,60,31.95619759,5.050909654,16.5856257
Stone_Villa,1939,274,West,Brick,Low,Low,4.180461669,4.318012964,1.865997493,15563,46,21.51373768,5.426385588,10.14598943
Thatched_Hut,1745,148,East,Brick,Low,Low,7.092952256,4.144698602,1.153508099,6721,79,38.34901191,8.001873107,18.38487746
Wooden_House,1734,75,East,Thatch,High,High,6.607213329,3.73693294,0.693629293,6349,92,24.45410328,7.795283025,23.11499515
Wooden_House,1952,57,South,Thatch,High,High,3.805919822,2.043826991,1.613448135,8696,71,27.13641729,6.292997367,14.71269649
Stone_Villa,1781,149,East,Brick,Medium,High,7.446916406,3.081126477,1.464656529,8896,47,34.7659247,7.768360196,12.04988715
Brick_Cottage,1955,289,East,Thatch,Medium,High,4.585463854,3.814518288,0.973615104,9260,84,18.25708318,6.222550458,24.5792492
Stone_Villa,1896,271,North,Stone,Low,Low,3.894331708,3.162353888,1.432278086,14788,36,12.25606086,10.94153877,11.20193835
Stone_Villa,1709,136,South,Stone,High,High,6.817256937,4.590439685,0.829792935,14819,63,31.23351935,7.087364145,20.19727578
Stone_Villa,1985,91,East,Thatch,Medium,High,6.326702135,2.926406826,1.167259039,11941,29,24.49035567,9.189950451,12.5150028
Stone_Villa,1941,221,West,Thatch,High,High,5.968875224,2.880604377,1.849118783,15694,82,36.89512753,8.519901434,26.05919882
Thatched_Hut,1950,63,East,Stone,High,High,4.123923455,2.797993079,0.70030135,18464,66,39.48040146,5.363174543,18.87013385
Wooden_House,1704,127,North,Timber,Low,Low,5.413984465,2.998342607,1.080044675,8808,57,21.97328052,11.59563604,11.18763185
Thatched_Hut,1818,51,West,Stone,Low,Low,6.622224108,3.672214893,1.731713637,10246,89,22.46317049,8.690581848,25.24140914
Thatched_Hut,1988,168,North,Stone,High,High,4.714495753,4.121045883,1.954236349,13384,95,22.23887807,7.275403504,24.55336228
Thatched_Hut,1764,86,East,Thatch,High,High,4.746759314,3.987703753,1.180889205,15866,72,19.73662329,6.106885987,16.66874791
Stone_Villa,1845,118,West,Stone,High,High,3.512563624,4.42315346,1.26049943,8845,97,33.45061293,7.369686443,22.7631008
Brick_Cottage,1923,215,South,Thatch,High,High,4.196973607,4.657741986,1.358257943,7577,63,32.76987287,5.143581221,16.05928183
Wooden_House,1938,286,South,Thatch,Low,Low,7.0016225,4.448237127,1.898522212,5091,93,24.35934612,7.544907087,27.32718605
Brick_Cottage,1876,90,West,Brick,Medium,High,5.266985967,2.05683621,1.787310186,9234,73,11.33983649,8.720401491,15.05871245
Thatched_Hut,1966,111,West,Stone,Low,Low,7.436937997,4.207753861,0.755901687,13672,39,19.28677905,11.10306372,15.86137695
Thatched_Hut,1981,295,North,Timber,Medium,High,5.082831854,2.625198721,1.155136727,11592,98,18.7690914,9.811620924,26.15871859
Brick_Cottage,1762,109,West,Brick,High,High,6.360745819,2.398784128,1.196000642,18644,50,34.33261739,5.781076192,16.76263083
Brick_Cottage,1916,174,North,Thatch,Medium,High,4.627676172,3.915466354,1.683644167,16108,26,12.6272672,6.034224271,8.367937683
Brick_Cottage,1982,160,East,Thatch,Low,Low,4.955238565,2.959229586,1.404339324,17627,77,34.17026137,7.996863575,18.39616551
Thatched_Hut,1876,63,North,Timber,Low,Low,4.26290395,2.17135149,1.481330693,13128,29,30.07550957,6.369954261,4.84839597
Thatched_Hut,1797,297,West,Thatch,High,High,4.888249474,2.412889203,1.997299861,6075,29,31.97324377,5.194948443,6.678691288
Wooden_House,1804,280,West,Stone,Low,Low,5.688950082,2.002788251,0.612440065,7513,58,22.96639563,10.63510416,17.156407
Wooden_House,1798,266,East,Brick,High,High,7.467091524,4.709670882,0.834514735,13168,47,30.39177388,5.136657995,14.86079282
Thatched_Hut,1705,133,West,Thatch,Low,Low,6.156806852,2.073853952,1.111843906,11861,49,28.27086834,10.81482724,10.04090615
Brick_Cottage,1896,179,West,Thatch,Low,Low,4.296983818,2.628367309,1.021673605,13990,56,33.06940586,6.008727741,13.09329549
Brick_Cottage,1832,280,South,Timber,High,High,3.679845766,3.248788342,0.532468342,17762,86,23.40309503,11.82274888,23.49405161
Wooden_House,1958,119,South,Stone,Medium,High,4.005425925,3.069713978,0.63766641,19736,62,24.18476875,9.227117383,13.64709471
Thatched_Hut,1722,194,East,Thatch,Low,Low,5.750220805,4.735177631,1.521429937,18750,98,29.30728668,10.1448808,27.45368236
Wooden_House,1752,172,North,Timber,Medium,High,6.560641315,2.120866837,1.818986695,17141,71,13.24232481,5.773385396,15.69623438
Wooden_House,1864,138,South,Thatch,Low,Low,7.261676829,3.536644123,1.271340517,5604,75,23.08733345,11.03472851,19.164827
Stone_Villa,1901,298,North,Timber,Low,Low,3.563292688,4.041438388,1.308786619,7979,95,39.15852536,10.8743464,17.72740043
Stone_Villa,1782,77,West,Timber,Low,Low,5.591040566,4.795093921,0.882640149,12140,87,11.1265696,9.570949121,19.61273852
Stone_Villa,1844,115,South,Stone,Low,Low,5.383469425,3.861113756,1.651814545,12065,28,19.48014169,8.515924052,9.905984177
Brick_Cottage,1784,212,East,Thatch,Medium,High,6.124220088,4.411265708,1.627691881,9916,42,19.42329457,10.05042421,8.737405652
Thatched_Hut,1777,278,East,Stone,Medium,High,5.738315418,2.251174814,1.382548534,11800,82,29.00392358,5.041497507,21.95062233
Thatched_Hut,1700,54,East,Timber,Low,Low,6.248156602,3.157818533,0.81899643,5597,80,13.17401078,9.147085288,20.08374004
Thatched_Hut,1750,242,South,Brick,Low,Low,6.132330339,3.121841403,0.645527327,14724,59,28.85632093,10.93184294,17.43428946
Thatched_Hut,1872,217,North,Thatch,Medium,High,3.968046899,4.658864649,0.596357864,12320,63,12.85120722,7.49829921,17.13351755
Stone_Villa,1904,253,West,Brick,High,High,6.698871654,2.454113514,1.3890441,13705,43,12.84860942,5.758025495,10.1960841
Brick_Cottage,1959,233,North,Thatch,High,High,3.992930303,2.455658517,1.737552979,10622,70,31.84550072,7.946140748,18.26955664
Brick_Cottage,1987,213,North,Stone,Medium,High,6.294122501,2.98567445,1.787495648,6877,77,19.72405521,10.08973114,23.31731084
Stone_Villa,1733,94,West,Stone,Low,Low,5.164581471,2.163398142,1.195433112,17164,52,39.32268843,5.751108473,19.74577959
Brick_Cottage,1794,200,West,Stone,Low,Low,5.555402938,2.547374122,1.676406949,17035,35,11.12058809,6.442339921,14.12794658
Stone_Villa,1771,96,South,Stone,High,High,7.113192058,4.895628916,1.920320295,6699,41,23.35319991,6.032862928,11.74670742
Thatched_Hut,1738,80,South,Stone,High,High,7.059534906,3.28455182,0.912755169,14221,76,13.39407813,10.57863429,20.82272947
Stone_Villa,1853,188,South,Brick,Medium,High,6.771425223,3.896057625,1.09694052,17787,81,20.541369,5.440248357,21.75077936
Thatched_Hut,1949,59,South,Stone,High,High,5.540593522,4.178333778,1.897218489,10780,90,39.94667352,9.806105515,18.63109384
Thatched_Hut,1861,244,South,Timber,Medium,High,6.444959241,3.100884221,1.007346451,5716,91,36.66527535,7.565198445,26.81577136
Wooden_House,1817,167,West,Timber,High,High,5.551588222,2.441681223,1.870814435,18429,89,11.44973227,10.2905387,21.43367236
Stone_Villa,1958,63,North,Brick,High,High,6.97842433,2.619743049,1.971567293,18796,49,26.89767531,11.75068393,10.61801651
Wooden_House,1967,129,South,Thatch,High,High,5.111103333,2.93979943,1.492716093,9086,42,29.43466914,5.801817097,8.536040736
Stone_Villa,1753,251,South,Timber,Low,Low,7.380941378,3.908205261,1.725335434,19936,51,16.28603872,7.200695287,17.44915681
Stone_Villa,1935,142,North,Thatch,Low,Low,7.229291033,3.194841647,1.624318346,5665,76,14.3531672,10.67087799,13.90480493
Wooden_House,1921,59,South,Brick,Low,Low,6.466410478,2.020444094,1.549301386,12846,28,37.13143404,6.863108702,7.087265556
Wooden_House,1950,125,North,Thatch,High,High,4.617663537,3.570221555,0.960396609,11611,50,39.06449324,6.505844179,14.18819514
Stone_Villa,1811,143,North,Thatch,Medium,High,4.026614355,4.764540176,0.585641507,15400,90,39.75678572,10.77764585,18.18143486
Brick_Cottage,1954,154,West,Thatch,Medium,High,6.9188138,4.436232833,1.014577599,19605,28,33.69285321,11.90957655,14.18347289
Thatched_Hut,1906,50,East,Thatch,Medium,High,4.161209145,4.475634114,1.500403978,6079,32,29.90506208,8.898164131,9.394317317
Wooden_House,1928,182,West,Brick,Medium,High,6.917043156,4.385174053,0.653793797,13419,77,20.37190757,6.946341238,20.19795389
Thatched_Hut,1765,69,East,Timber,Low,Low,5.463060027,2.971192477,0.517876974,13340,22,15.14194937,7.789961731,11.3687935
Brick_Cottage,1774,57,East,Stone,Low,Low,5.126227135,4.295581501,0.709538559,6069,54,12.36941798,6.190912292,13.66450516
Brick_Cottage,1802,220,East,Thatch,High,High,7.112763115,2.429484073,1.57360389,10263,40,30.79892406,10.33321095,11.10554323
Brick_Cottage,1891,253,South,Timber,High,High,5.91540393,3.973148442,1.959190552,12951,83,33.54170246,10.41431812,23.80055964
Wooden_House,1951,50,West,Timber,Medium,High,5.806456029,3.9247057,1.974597049,17919,71,34.79360957,11.12584695,17.78592156
Brick_Cottage,1925,106,East,Brick,Low,Low,5.735063778,2.076709397,1.240968724,6363,53,37.4129501,5.186217945,14.35627757
Wooden_House,1993,113,North,Timber,Medium,High,4.984678064,4.363910401,1.804028451,9508,54,36.39788691,8.933869391,17.37764843
Brick_Cottage,1797,167,South,Brick,High,High,6.642572414,4.709744315,1.605239684,6755,34,39.99223817,6.49978804,15.83660918
Thatched_Hut,1985,261,West,Thatch,High,High,4.511193776,2.802245835,1.251560355,5519,25,17.32192033,7.386181108,10.42771438
Thatched_Hut,1948,77,East,Thatch,Medium,High,7.25557984,4.437172173,1.359140799,10463,51,32.89922846,10.49468931,19.79551905
Stone_Villa,1865,170,North,Stone,High,High,7.07594082,2.247217916,0.70584072,19722,71,27.59378537,6.344235567,22.09517132
Thatched_Hut,1729,156,West,Stone,Medium,High,4.849921303,3.799903575,1.906492191,16736,47,17.83735397,9.468392254,14.41435196
Stone_Villa,1946,214,West,Stone,Low,Low,6.417855079,3.456940596,1.027894656,15514,83,39.45715967,9.581963339,25.41310338
Thatched_Hut,1805,224,South,Timber,Medium,High,5.792892778,3.6377706,1.169223885,19688,98,36.93694314,11.6786574,18.85626118
Wooden_House,1750,278,West,Thatch,Low,Low,4.850597208,4.778615606,1.507490346,12233,97,13.85547005,10.4261265,19.74993442
Thatched_Hut,1780,253,South,Brick,Low,Low,7.454086592,4.613945742,1.000853707,6102,38,10.78475027,10.62544603,12.65646008
Stone_Villa,1832,214,East,Stone,High,High,3.600949383,4.355250972,0.881388741,5597,34,30.64992287,8.721205243,10.91841604
Stone_Villa,1984,98,South,Brick,High,High,4.510584122,2.821095373,1.44657409,18947,25,28.12391887,6.30746565,5.581910844
Brick_Cottage,1837,290,North,Brick,High,High,5.580296244,4.735455886,0.537476123,8273,92,38.07446872,7.97894356,21.43913717
Wooden_House,1883,169,South,Stone,Medium,High,5.587812014,2.292523077,1.581087668,17241,57,17.02015861,8.846427015,12.49456258
Thatched_Hut,1972,93,North,Thatch,Medium,High,5.8557323,4.55998765,1.271035055,10781,45,12.53163844,9.748934762,11.90952415
Brick_Cottage,1768,105,South,Stone,High,High,6.506704688,2.984480217,1.408630596,15797,70,17.77646001,9.253963783,20.49618855
Thatched_Hut,1733,205,West,Brick,Medium,High,5.993911322,2.161316935,1.447820239,11256,92,10.56782922,7.757844802,25.22708742
Thatched_Hut,1961,160,East,Stone,High,High,5.901125842,4.008070953,1.290575235,12258,72,11.07678254,6.857191749,19.58772695
Brick_Cottage,1752,256,North,Brick,Medium,High,3.714057852,2.693839785,1.373800666,15380,75,37.44573418,6.177615902,22.79558306
Brick_Cottage,1904,183,South,Brick,Low,Low,5.006121151,2.730713378,1.525682301,19212,78,20.56049748,9.856917704,17.88868637
Brick_Cottage,1825,157,South,Stone,Low,Low,4.428222959,2.918141499,1.629678271,18017,89,22.32427003,9.51779072,19.24073353
Brick_Cottage,1934,238,South,Timber,High,High,4.561480446,2.191054303,1.591178587,13780,97,10.55114964,9.81160726,19.70061906
Brick_Cottage,1742,197,West,Stone,Medium,High,5.717349897,2.531381433,1.804424687,11554,77,18.11565341,7.60769217,19.70908714
Thatched_Hut,1939,163,West,Timber,Medium,High,4.29802126,2.015418883,0.78416515,17664,32,34.14177951,6.836854758,6.838184685
Brick_Cottage,1810,127,North,Brick,Low,Low,4.675796404,3.336228563,1.101721954,14599,62,28.46472879,10.3180493,16.31570305
Wooden_House,1948,179,North,Brick,Low,Low,4.448338834,2.252766132,1.921694099,19157,95,32.61341803,10.41553177,24.05373347
Stone_Villa,1850,250,West,Timber,High,High,7.294011773,4.047957815,1.094885862,13002,70,23.41641222,8.189314618,17.73987159
Brick_Cottage,1882,86,North,Brick,Low,Low,7.278662929,2.706868554,0.687305115,9846,38,19.29187665,9.283328593,15.84352518
Brick_Cottage,1794,69,East,Timber,High,High,5.939766234,4.830722432,1.28816769,17914,40,24.4843028,7.61463765,12.97751859
Thatched_Hut,1707,75,East,Timber,Low,Low,7.198089875,4.613754882,0.664236459,16582,43,19.69213205,9.913630401,9.385526785
Brick_Cottage,1883,78,West,Brick,Low,Low,6.643250582,2.868322685,0.804279858,16632,45,35.1691329,10.85005118,13.46069092
Brick_Cottage,1980,50,North,Thatch,Medium,High,5.859791531,4.349646364,1.997478135,14821,64,18.93021147,9.817632941,17.4134347
Brick_Cottage,1894,168,South,Timber,Low,Low,3.525740846,4.409734714,1.312043958,14186,47,29.79290921,8.588078388,10.66083691
Thatched_Hut,1894,84,East,Stone,Low,Low,6.590065144,4.959689342,0.926087584,18871,48,14.10946667,8.210605716,8.460274159
Brick_Cottage,1854,247,West,Stone,High,High,6.309953366,3.793519961,1.992162432,9798,36,30.60599481,9.496237557,12.350685
Stone_Villa,1792,278,North,Brick,Low,Low,5.961014613,2.245897204,1.949838378,11605,87,37.39899135,9.758676241,26.64737288
Thatched_Hut,1859,294,West,Thatch,High,High,6.541697247,3.940511687,1.161108562,15251,63,28.25749464,8.911106105,16.76509672
Stone_Villa,1760,108,South,Brick,Low,Low,5.551688659,3.874939245,0.890604663,18467,80,26.7956614,9.374595926,23.64158209
Thatched_Hut,1821,118,East,Thatch,Low,Low,6.316333085,3.915051732,1.757599457,17764,87,38.83354804,5.676120777,26.65653307
Brick_Cottage,1750,210,West,Timber,High,High,7.240688347,2.921436944,1.573431075,7986,93,28.82189666,11.66235861,19.24418995
Stone_Villa,1976,290,West,Timber,Medium,High,5.003220063,4.579038755,1.530412153,5400,44,17.786513,10.53541145,13.05487826
Thatched_Hut,1704,228,West,Timber,High,High,6.33248734,4.878416549,1.839670612,7855,86,18.77173072,7.617495088,20.07457297
Wooden_House,1791,255,South,Timber,High,High,5.402751272,2.653137539,1.534125701,15416,21,31.15919928,8.939688277,5.731821161
Brick_Cottage,1869,61,West,Stone,High,High,6.197598607,2.264456474,0.925696915,8412,68,32.06309782,5.331271711,20.7082383
Thatched_Hut,1721,283,South,Stone,Medium,High,6.551573342,2.5836051,1.540794743,5056,89,19.10488695,5.288594698,24.35516361
Wooden_House,1700,69,South,Brick,Low,Low,3.681810002,4.461656418,0.958720267,13022,45,20.36031934,6.755588346,8.324782453
Thatched_Hut,1832,230,South,Thatch,High,High,6.086401776,4.029933904,1.638858469,6875,91,39.73169526,9.827911497,27.39523494
Wooden_House,1932,291,East,Timber,High,High,4.406964738,3.908142027,1.429621782,9543,46,13.05857649,10.96503423,13.02780561
Brick_Cottage,1711,265,East,Timber,Medium,High,6.180130151,3.205379405,0.616117328,9298,37,22.13935085,8.91430116,15.25489492
Stone_Villa,1745,92,West,Thatch,High,High,5.373320744,3.733483915,1.269253044,8768,73,11.87342594,8.724929177,14.89974932
Wooden_House,1733,175,West,Thatch,Low,Low,6.594210967,2.923622376,1.014951454,10752,20,34.63235086,7.816166737,13.59045738
Thatched_Hut,1777,275,East,Brick,Medium,High,3.993603261,3.431600238,0.992855949,9833,80,12.77037517,6.131185692,16.73277859
Brick_Cottage,1917,266,North,Thatch,Low,Low,6.005289407,4.379189085,1.403384454,17489,22,30.22022069,5.828478709,4.798668645
Wooden_House,1772,99,East,Timber,Low,Low,4.613882916,4.943724792,0.983487237,6353,87,11.69450272,10.32475833,21.44113395
Thatched_Hut,1981,78,South,Timber,Medium,High,6.911927981,4.797466771,1.665340622,15602,60,30.18565113,11.49252486,18.21110557
Thatched_Hut,1948,234,East,Timber,High,High,7.213534023,4.801597829,0.606187154,9987,56,35.29110841,8.207982515,17.67339127
Thatched_Hut,1746,88,South,Timber,Low,Low,7.485593175,3.206671205,1.490582379,11597,70,21.96464581,9.616119611,17.91497469
Wooden_House,1820,272,West,Timber,Low,Low,6.68402961,3.406369642,1.713792205,19691,34,25.6637948,11.40120356,5.749806277
Wooden_House,1913,233,North,Brick,Low,Low,6.514936282,4.116906189,1.509247535,9311,27,22.04625214,5.630795431,10.98190678
Wooden_House,1938,288,West,Timber,Low,Low,4.362003035,4.766575784,1.245843793,15794,57,19.01466276,10.39337017,12.57213991
Stone_Villa,1755,220,South,Brick,Medium,High,4.844028236,2.425982778,1.925460521,7934,75,34.09790202,9.317718191,19.57035471
Wooden_House,1806,227,South,Timber,Medium,High,5.362730167,2.912725591,0.949907735,5022,66,18.16007721,9.190460252,15.15249417
Wooden_House,1747,200,South,Stone,Low,Low,6.593524191,2.417740534,0.528751831,15394,29,31.68830273,7.047782999,15.5165971
Wooden_House,1760,221,North,Stone,High,High,7.15986346,3.83602559,1.147984057,6209,97,16.18591238,9.787253483,23.68216128
Stone_Villa,1725,87,East,Stone,Low,Low,4.2565564,2.918902991,0.549517904,15488,68,17.49561388,10.56358428,17.85748604
Wooden_House,1991,133,West,Stone,High,High,7.189469939,2.978323558,1.930905129,13940,60,20.09383488,5.790007155,20.8095865
Thatched_Hut,1956,200,West,Brick,Low,Low,6.282498609,2.212747878,0.814877069,5804,49,27.67469132,8.734650017,14.87778166
Wooden_House,1707,177,East,Brick,High,High,5.943082923,3.049388185,1.683390536,13325,24,23.63266957,5.708856267,4.113662344
Thatched_Hut,1812,175,West,Thatch,Low,Low,4.299365085,4.587489522,1.661858125,9416,90,32.35434429,11.10801814,16.50643013
Thatched_Hut,1952,94,North,Timber,High,High,3.722100131,2.699218436,0.82659335,15629,50,16.40701901,8.553457059,13.8144449
Thatched_Hut,1879,101,West,Stone,Low,Low,5.773859594,4.085562399,1.431839796,13625,71,10.32016864,10.65575982,13.77864606
Stone_Villa,1906,129,South,Brick,Low,Low,6.106062733,3.888885035,0.572118453,10141,42,33.29672415,7.576599464,14.06118116
Stone_Villa,1826,227,East,Timber,High,High,4.343125797,4.590453825,1.225361879,9968,67,34.64948002,5.875547588,14.88417319
Stone_Villa,1755,283,North,Timber,Medium,High,5.725824823,2.396863843,0.521970691,8671,59,11.78440489,5.290495131,12.48574263
Wooden_House,1913,173,East,Brick,High,High,6.925973611,4.932769881,1.88171582,16928,25,28.32722566,6.970567345,9.948006462
Thatched_Hut,1713,168,North,Stone,Medium,High,6.840263782,3.747885938,1.964129036,12292,57,21.34620352,6.709635903,20.3685197
Stone_Villa,1727,57,South,Thatch,Low,Low,7.209420722,4.986422457,0.83342415,12001,60,33.81686966,8.922463818,18.36460946
Stone_Villa,1777,291,East,Timber,High,High,4.963543238,4.734544178,0.812159052,17231,46,36.23243663,5.152171866,18.63606195
Wooden_House,1915,134,West,Thatch,High,High,4.77219829,2.664551816,1.630580265,7098,94,35.530113,8.64399381,27.60411023
Stone_Villa,1853,178,North,Stone,High,High,6.497704024,2.16848603,0.880069098,19511,88,33.31612742,7.742402194,19.71308428
Wooden_House,1713,296,East,Stone,Medium,High,5.22444962,2.766917281,1.842614839,16109,76,18.07156686,9.039855889,15.92334634
Brick_Cottage,1886,57,West,Thatch,Medium,High,3.850194656,3.582690947,1.360893704,13444,36,34.35668931,9.916922697,13.27730453
Stone_Villa,1706,206,East,Stone,Low,Low,4.631204523,2.514789101,1.026166435,10061,90,26.00435428,9.438643616,24.69594899
Brick_Cottage,1702,145,East,Timber,Medium,High,5.174329142,2.502379234,1.74904062,18026,66,11.58269844,11.89251059,14.75919974
Wooden_House,1810,151,East,Thatch,Medium,High,4.670065702,3.387780641,1.240110051,14321,98,23.7081655,5.967857407,28.04453859
Thatched_Hut,1937,54,North,Stone,Low,Low,4.828822284,2.099803914,1.867449371,8264,32,38.26473751,8.008159063,6.154975068
Stone_Villa,1938,288,West,Thatch,High,High,4.675103625,2.365664248,1.892021355,10435,30,36.63578049,7.973815157,8.402293386
Wooden_House,1973,135,South,Timber,High,High,3.665996669,3.247584018,0.748130228,13493,43,13.06792843,7.919372426,11.38753423
Thatched_Hut,1993,224,North,Stone,Low,Low,6.048378803,2.189389728,0.503485109,11691,92,32.32380057,9.646588744,22.42015082
Thatched_Hut,1926,83,North,Timber,High,High,5.889169681,3.190265169,1.97589641,15169,23,34.17378598,8.428796424,5.442233818
Brick_Cottage,1714,242,North,Stone,Medium,High,6.113533994,3.422018798,1.859206304,7763,65,18.14164565,8.622027919,14.82439683
Wooden_House,1891,104,South,Brick,Low,Low,4.269239584,3.353799842,0.583167854,9005,37,24.14825712,8.026491945,5.598618548
Thatched_Hut,1818,168,West,Stone,Low,Low,4.682618166,4.607524572,1.749551396,19603,62,31.32963824,11.94189623,16.91335412
Stone_Villa,1727,267,West,Thatch,Low,Low,5.978463708,3.590187365,1.186707399,8241,99,23.17124466,11.49292944,26.73519586
Stone_Villa,1901,220,West,Stone,High,High,5.898510274,3.403941387,0.888442408,8057,52,13.38390757,7.154069326,17.10557327
Brick_Cottage,1738,251,East,Timber,Low,Low,5.525321237,3.232127736,1.818119786,5550,29,31.17647334,5.781157473,12.5195212
Thatched_Hut,1972,207,East,Timber,Low,Low,4.901653,4.452870135,0.795000849,10574,92,37.34916069,10.87835307,22.06777391
Wooden_House,1930,163,East,Stone,Low,Low,7.151724019,4.685169812,1.920949999,10411,78,29.57454185,11.98019176,19.85759403
Stone_Villa,1785,259,South,Thatch,High,High,4.859080969,4.559727408,0.808432232,6587,50,33.21402246,7.048262258,10.71047852
Thatched_Hut,1825,194,East,Brick,Medium,High,5.322476626,4.020639734,1.420524782,15014,47,20.75087607,7.504494481,11.04559795
Thatched_Hut,1999,75,South,Thatch,Low,Low,6.212455324,2.412085238,0.834629502,10920,79,15.49594735,11.59143227,15.0148167
Brick_Cottage,1724,185,West,Brick,Medium,High,5.672085723,2.830609908,1.318502997,10260,22,29.28320985,9.977906626,11.38078455
Stone_Villa,1844,96,East,Timber,High,High,4.887543905,2.138189191,1.525962695,16409,74,19.83313618,7.069468322,21.96073092
Stone_Villa,1712,281,East,Thatch,High,High,5.242579162,4.792472225,0.785341896,16688,33,35.80220557,9.067325439,11.35727766
Wooden_House,1911,162,North,Brick,High,High,6.677923271,3.982395589,1.281328674,9409,77,13.6788415,11.60960706,20.06256478
Stone_Villa,1724,125,South,Stone,High,High,4.612516622,4.239088653,1.203589617,17471,34,23.00391099,10.68269175,5.48475877
Wooden_House,1767,268,West,Timber,Medium,High,4.069020959,2.934715219,0.606556132,10783,21,21.90182801,10.192829,7.471473915
Stone_Villa,1766,121,North,Stone,Low,Low,4.752652807,4.536960567,1.727461727,5712,43,38.14161561,10.15897418,14.78660334
Brick_Cottage,1932,138,North,Timber,High,High,6.898136862,2.778809851,1.003523601,15367,97,14.59404402,6.24614227,22.58692567
Stone_Villa,1808,95,West,Thatch,High,High,3.855958859,2.004931271,1.361873296,10406,83,10.29540475,10.77276867,14.83569701
Wooden_House,1845,245,North,Thatch,Medium,High,7.466784293,3.129244888,1.272176352,12990,90,17.14255638,6.932830427,25.83482691
Wooden_House,1810,82,South,Timber,Medium,High,5.664011596,3.712284443,1.269890757,12420,43,34.60830579,11.51256661,15.01941026
Brick_Cottage,1927,50,South,Timber,High,High,7.439382976,3.436114574,0.660833591,17264,46,16.27965448,7.552479937,17.03573377
Stone_Villa,1810,196,East,Timber,Low,Low,7.255985688,4.586228428,1.135223014,17041,56,17.22634191,11.00362278,17.53392895
Stone_Villa,1733,80,North,Thatch,Low,Low,5.311254857,2.316215858,1.178550139,11843,58,13.89696414,6.863634462,19.17634125
Brick_Cottage,1810,257,East,Brick,High,High,4.293964298,3.661470322,1.600464261,7433,82,31.4630861,8.601688556,16.89468038
Stone_Villa,1963,191,North,Stone,Medium,High,4.159539106,3.538938049,1.760028248,8301,98,12.07522572,5.748197068,17.60513039
Stone_Villa,1935,102,South,Stone,High,High,4.459957455,2.844178947,1.317473417,5270,45,19.93624907,9.620832321,9.669465084
Wooden_House,1782,97,South,Thatch,High,High,6.340530562,4.466684338,0.630174431,14986,84,18.4749618,10.85255493,15.93729223
Stone_Villa,1741,118,South,Stone,Medium,High,4.591799979,4.258545968,0.855274206,18098,23,26.65479189,10.02913097,7.786854114
Stone_Villa,1800,154,North,Timber,High,High,4.865701078,4.198577562,0.74740104,15654,48,31.91248795,8.662809591,14.82182647
Brick_Cottage,1705,139,South,Brick,High,High,5.295115216,4.628577435,0.686922595,17485,20,25.98629304,5.31581115,8.965910834
Brick_Cottage,1879,239,North,Stone,High,High,7.152930722,4.168353802,1.048848948,16586,69,37.93077979,11.53408705,16.45512728
Thatched_Hut,1981,269,East,Brick,Medium,High,4.257573672,2.695523875,0.844090253,6079,30,38.54327917,9.93842684,14.08366969
Wooden_House,1925,243,North,Timber,Low,Low,3.52010621,4.116688135,0.827454668,16070,93,20.84395985,10.22104967,15.61196279
Stone_Villa,1928,291,East,Stone,Low,Low,3.740385642,2.92310844,0.582039762,10322,78,33.33041129,10.56276403,17.17081468
Stone_Villa,1988,241,North,Thatch,Medium,High,7.119065367,2.726523951,0.526505067,18932,81,32.1640415,10.23420398,23.11902079
Thatched_Hut,1849,247,East,Brick,Low,Low,6.090065859,2.219010779,0.654152364,17915,55,36.78893775,8.087813149,18.77565334
Stone_Villa,1976,112,South,Timber,High,High,4.592162477,4.232085741,0.758296219,13795,75,23.43830921,10.13535281,16.77402704
Wooden_House,1897,122,East,Brick,Low,Low,4.208770004,4.133002886,1.146475593,10257,40,25.91419562,9.375187515,5.989865193
Thatched_Hut,1769,210,South,Stone,High,High,4.677066947,2.703498433,1.265780392,18733,32,22.47322941,10.97811434,9.970670338
Wooden_House,1811,218,South,Stone,Low,Low,3.959187709,4.24813705,0.710887877,12982,28,35.51130758,10.61721871,4.638227683
Thatched_Hut,1703,138,East,Thatch,Medium,High,7.266131641,4.753522649,1.137175012,18368,30,16.89106946,5.289620677,6.342806393
Thatched_Hut,1794,225,North,Timber,Low,Low,6.636824697,2.324086872,1.012623263,14777,94,17.19127235,7.652209632,23.80960485
Brick_Cottage,1851,62,North,Timber,Low,Low,5.349564708,2.697909915,0.775135465,16249,89,21.17815311,5.243013065,19.66887831
Wooden_House,1836,122,West,Thatch,Low,Low,6.95985042,4.250782382,0.510261122,11214,20,16.91028496,5.714524473,6.508350339
Stone_Villa,1946,294,North,Thatch,Medium,High,4.497832817,2.823520021,1.2005268,10006,89,26.83020509,9.209875054,20.75803268
Stone_Villa,1942,126,West,Timber,Low,Low,6.368482274,3.873991923,1.528477624,8985,96,14.03470319,11.11675275,26.35014486
Wooden_House,1730,208,North,Brick,Medium,High,6.924529996,2.243492673,0.839416001,17881,75,19.60558658,5.838773311,23.9094912
Stone_Villa,1739,282,North,Brick,High,High,4.927074846,3.356607437,0.697710245,14587,50,37.40334095,8.157625012,13.73495651
Stone_Villa,1928,252,South,Thatch,Low,Low,6.529857782,4.217274266,1.830564117,16880,56,22.27676441,11.37615233,12.07236704
Wooden_House,1735,117,West,Brick,Medium,High,4.680289397,4.059541829,0.912537159,13791,66,32.44701149,10.70010689,14.670746
Thatched_Hut,1922,147,North,Timber,Medium,High,4.695428541,4.445216302,0.83541893,13705,97,13.40386575,8.637675275,19.04837877
Wooden_House,1705,174,West,Stone,Low,Low,3.928228714,4.63235638,1.785645409,10991,66,17.42693524,10.40100008,15.14906594
Thatched_Hut,1919,151,South,Stone,High,High,5.260232186,4.319550504,1.725660649,11227,88,34.22036864,8.658856418,22.98897975
Stone_Villa,1774,287,South,Brick,Medium,High,6.418847626,4.014763229,1.172519706,14258,77,32.88978809,6.106646361,20.56486723
Stone_Villa,1703,181,West,Thatch,Low,Low,7.260883222,2.095167475,1.233858292,12833,55,21.58467756,5.873152793,14.69422243
Stone_Villa,1833,151,South,Thatch,High,High,5.915187968,3.60490002,0.826623057,7886,51,38.63190706,6.318577624,12.86991954
Brick_Cottage,1817,68,East,Thatch,Medium,High,6.952542151,2.113093175,0.617452506,19245,83,37.31929048,7.456454665,22.1419651
Thatched_Hut,1793,247,East,Thatch,Medium,High,6.789978597,4.424203451,1.360147738,7653,90,38.86902247,11.51370487,21.39017771
Brick_Cottage,1761,275,South,Thatch,High,High,4.193372212,2.962173573,0.647517382,18097,61,22.83744071,10.5977489,14.87683503
Brick_Cottage,1893,131,East,Brick,High,High,5.443269716,3.687288122,1.17391182,19468,67,15.92420751,8.029610929,17.86002758
Wooden_House,1902,190,North,Stone,Low,Low,3.967694142,2.838335922,1.910745798,14280,93,28.79975917,8.451536969,23.10663734
Brick_Cottage,1725,282,West,Stone,Low,Low,6.228612646,4.347500433,1.929251584,17577,49,30.54319475,6.859266204,14.22167466
Wooden_House,1872,72,North,Brick,Medium,High,7.299598673,4.65950758,0.85899843,19711,40,13.76325353,9.930470695,11.60055479
Wooden_House,1999,132,West,Thatch,High,High,4.048357832,3.195927483,1.43617013,9864,79,33.59449103,10.6193597,16.90831739
Brick_Cottage,1832,158,South,Brick,High,High,6.435532523,4.588767181,1.211114396,7514,32,10.54180659,6.67233287,4.579882937
Thatched_Hut,1817,124,North,Stone,High,High,6.028952603,2.801225022,1.813527691,8969,20,24.48185162,5.292751367,9.654305733
Thatched_Hut,1974,178,South,Timber,Medium,High,5.834420148,3.603982769,0.907146296,8284,84,19.93048778,9.367222602,17.36249992
Thatched_Hut,1911,137,South,Brick,High,High,5.060480939,4.57628429,0.50555361,12740,52,32.2090918,8.937584834,16.05316978
Thatched_Hut,1924,103,West,Thatch,High,High,4.920526591,2.977644028,0.743841809,9566,57,19.38282182,7.814918085,16.70564686
Thatched_Hut,1719,248,West,Stone,Medium,High,3.680996756,4.862126795,1.024284202,7196,44,34.80421338,9.507257592,16.37874566
Brick_Cottage,1812,138,West,Stone,Low,Low,4.371634833,2.365638505,0.973581695,17375,45,27.84860466,8.854293086,16.78104722
Brick_Cottage,1839,262,North,Stone,Low,Low,3.560707529,2.054825209,1.687044379,19731,96,33.81680085,6.754071036,18.11648011
Stone_Villa,1746,192,East,Stone,Medium,High,5.825668422,4.712406058,1.520840999,5789,78,39.68021914,7.784102829,25.82777765
Thatched_Hut,1700,114,West,Thatch,High,High,3.923412944,2.205945998,0.949334479,8475,52,30.37475037,7.996794988,15.6300057
Brick_Cottage,1789,125,West,Timber,Medium,High,6.992077576,4.975667588,1.186615726,16345,60,39.54850949,11.16173596,18.65378415
Stone_Villa,1841,299,North,Stone,Low,Low,5.592572083,4.854190586,0.643338656,14856,49,10.86508981,11.72632908,6.489660158
Thatched_Hut,1737,248,West,Brick,Low,Low,6.298759636,2.41106273,1.847219667,6309,76,20.14419965,11.25100954,21.725932
Wooden_House,1992,192,North,Timber,Medium,High,5.143428367,3.612753877,1.903137237,5864,68,13.23559794,10.03424617,11.94333922
Stone_Villa,1838,198,South,Stone,Medium,High,5.742319236,2.554760892,1.969705303,17055,67,17.86914794,9.094949135,19.61238612
Brick_Cottage,1958,196,West,Timber,Low,Low,7.270636708,3.284465519,1.802829246,10389,91,35.16663697,9.824831448,18.54264122
Wooden_House,1860,109,West,Brick,Medium,High,3.830936158,2.184275388,0.760941332,8363,68,10.96969796,11.57376455,15.75732759
Wooden_House,1877,142,South,Stone,Low,Low,4.515751088,2.671773763,0.569294725,16716,66,25.60548807,6.749991147,16.01644146
Wooden_House,1709,266,South,Brick,Medium,High,6.619953308,3.089818389,1.369395091,16978,75,27.01386123,8.745843554,16.26986136
Stone_Villa,1960,210,South,Thatch,Medium,High,3.894948828,3.315942501,1.86890754,13215,84,26.8345344,9.827256133,15.54109054
Brick_Cottage,1837,98,West,Stone,Medium,High,3.802644416,4.932488775,0.766027042,8003,31,24.25891221,9.754729009,7.977544593
Wooden_House,1871,273,East,Stone,Low,Low,4.946165595,4.423596937,0.510564372,19174,88,33.71808894,6.765952717,18.3247592
Thatched_Hut,1712,290,East,Stone,Medium,High,3.868671834,4.212229833,1.708244069,13502,25,14.00629269,9.107120692,6.378007164
Wooden_House,1867,84,East,Stone,Low,Low,5.840313769,3.611123944,0.615193526,18772,84,19.31731047,10.571392,20.78978012
Wooden_House,1829,221,West,Thatch,Low,Low,4.405101003,4.519993282,1.120559048,6231,44,28.4717816,8.32555286,15.45846003
Stone_Villa,1783,151,South,Stone,Medium,High,7.082791853,3.017968507,1.518331006,12959,20,30.72854099,10.55308654,10.29012709
Stone_Villa,1800,267,West,Timber,Medium,High,6.634000323,4.126697338,0.855196378,16980,51,22.12445295,7.519178184,9.877607487
Brick_Cottage,1972,60,South,Stone,Low,Low,6.298820824,4.981351926,0.625943845,7711,22,36.2611379,11.57132089,6.93558535
Thatched_Hut,1964,148,West,Thatch,Low,Low,5.96777611,2.943886727,1.655031843,11581,68,22.4648019,8.737499083,14.96265451
Stone_Villa,1737,249,West,Stone,High,High,6.953862921,4.022052605,1.445262627,12705,38,22.08328403,9.171635656,15.60125697
Wooden_House,1793,159,South,Timber,Low,Low,4.392248246,4.532944592,1.982735727,17993,79,11.08621784,5.219530982,21.73866016
Brick_Cottage,1794,255,East,Thatch,High,High,6.992435371,4.74742275,1.01646205,18647,48,26.53424009,6.19188396,13.21274409
Wooden_House,1768,123,South,Thatch,High,High,6.657969194,4.153798073,0.592643579,5421,69,31.26042516,9.430537163,14.08047224
Wooden_House,1935,243,North,Timber,High,High,6.492643306,2.85082377,1.601525053,14965,21,13.43314491,7.939092602,11.1428908
Stone_Villa,1836,223,North,Timber,Medium,High,5.745022712,2.978846455,1.282600128,19656,92,19.16298298,8.557146533,25.35927988
Brick_Cottage,1775,58,South,Timber,Medium,High,4.484976644,2.062274096,0.819805897,16760,75,33.43770861,5.440799861,23.04556053
Thatched_Hut,1734,52,West,Timber,Low,Low,5.194191664,4.282657933,1.672593484,19922,36,20.97758306,10.83894667,13.17788118
Thatched_Hut,1700,134,North,Timber,High,High,6.674282618,2.128218818,0.805633229,5946,79,17.24807386,10.49153922,18.56618086
Stone_Villa,1995,75,North,Thatch,Medium,High,3.627113937,4.593957064,0.890992482,14378,55,30.16601991,6.29747783,11.34497992
Stone_Villa,1759,121,West,Thatch,Medium,High,6.628203077,2.355981843,0.638792832,6834,80,15.90276333,9.440305501,18.79119728
Brick_Cottage,1966,97,West,Stone,Medium,High,4.460282962,2.515629536,1.099148419,6564,36,36.86958759,10.72820648,10.91743665
Thatched_Hut,1928,243,East,Stone,Medium,High,4.077236803,3.429579412,1.128393836,12332,68,13.16795188,9.485978955,14.95753533
Thatched_Hut,1969,247,West,Brick,Medium,High,3.962805273,4.213641246,1.271842686,9944,95,31.19649407,7.172786667,23.05422057
Thatched_Hut,1985,205,South,Stone,High,High,3.609000048,2.417006616,1.563446401,18877,79,24.98646104,9.592778053,15.76116075
Wooden_House,1990,166,South,Stone,High,High,5.594345941,3.320213225,1.859151393,18606,39,36.09788687,6.473232234,11.57472702
Thatched_Hut,1912,270,East,Timber,High,High,4.373039491,3.448553823,0.706601148,19377,69,13.78585273,7.227784981,15.26141394
Wooden_House,1864,203,North,Timber,High,High,7.457727063,2.636856925,0.581522148,15139,22,30.33684755,6.680487572,6.137662868
Brick_Cottage,1704,202,North,Stone,Low,Low,5.797747023,2.34667513,0.52779685,6308,62,27.16163918,8.898475717,15.78898363
Wooden_House,1777,61,West,Brick,High,High,4.051541077,4.509262769,0.715432067,7986,76,24.40270427,5.757586527,21.61921983
Brick_Cottage,1761,182,South,Timber,Medium,High,6.255050163,3.507396949,1.486924229,5386,69,24.7422179,11.53317266,20.37570777
Thatched_Hut,1831,275,North,Stone,High,High,7.090974266,2.043143708,1.591215617,11131,87,31.65930885,7.334586476,21.76013844
Thatched_Hut,1788,97,East,Stone,Low,Low,6.480717981,4.408943904,1.67975857,14353,69,38.13224965,6.53279089,19.7351089
Brick_Cottage,1936,86,East,Thatch,Medium,High,3.805759444,4.942381416,0.865562318,8258,56,12.73754977,8.475848695,8.017968282
Stone_Villa,1741,256,South,Brick,High,High,7.083536725,3.817778586,0.95884222,11121,65,10.58507943,6.938984729,17.95680492
Brick_Cottage,1788,93,East,Thatch,High,High,6.675717543,3.511125161,1.224701968,9811,61,34.17114377,8.744328605,16.25216626
Stone_Villa,1995,277,East,Brick,High,High,4.1332156,4.635247589,0.594774645,11574,34,13.24508163,7.439564048,8.157979984
Wooden_House,1994,64,South,Timber,Medium,High,3.707143555,4.857550369,1.416712285,11697,52,39.60090388,5.924467675,18.7654959
Wooden_House,1803,92,West,Brick,Medium,High,5.729242301,4.263610748,1.975602551,8933,99,28.58044747,6.861266694,23.7687569
Wooden_House,1713,225,West,Stone,Low,Low,4.124143245,3.336358789,1.041209467,16039,30,29.52599186,8.069078915,4.612777488
Thatched_Hut,1987,136,East,Stone,Medium,High,6.83836381,3.776664198,1.629271213,17713,39,15.96675109,5.212052585,9.048355406
Wooden_House,1878,119,West,Brick,Medium,High,4.933338627,4.102806095,1.250050873,6439,43,17.20936931,10.39449769,10.46491285
Stone_Villa,1824,95,West,Brick,High,High,7.151569779,2.582820713,0.691717767,11169,83,29.78050909,9.352771952,20.52724434
Wooden_House,1722,291,East,Brick,Medium,High,5.762752689,3.341603097,1.373356173,16634,99,37.29180514,9.209517251,28.17235478
Brick_Cottage,1762,157,West,Thatch,High,High,4.230689537,4.489463794,0.949811403,9480,84,39.47171664,8.822349523,21.51942162
Brick_Cottage,1842,172,East,Brick,High,High,4.058395469,3.964176045,0.551604813,5055,92,15.9409284,9.132192206,22.09320955
Thatched_Hut,1852,220,North,Timber,Medium,High,5.80588975,3.233612202,1.452394595,8324,95,14.02358868,11.54256367,20.69002398
Brick_Cottage,1844,286,South,Thatch,Low,Low,6.547534447,3.990087602,1.788398524,11777,36,11.69204073,5.059984476,10.02753174
Stone_Villa,1924,70,South,Thatch,Low,Low,6.626022591,2.354667236,1.01715465,5105,80,36.04891054,5.334597968,21.31384944
Wooden_House,1803,200,West,Brick,Medium,High,4.603029618,3.204492832,1.085443321,8201,34,18.84144541,6.34045387,8.826784272
Thatched_Hut,1803,156,West,Timber,Low,Low,4.316987036,4.379385614,1.836532524,5669,70,10.05436102,6.17110966,16.31554155
Wooden_House,1738,296,West,Thatch,High,High,3.567025218,2.661526361,1.72041322,17663,46,16.71454258,6.268361216,8.905728641
Wooden_House,1897,129,South,Stone,High,High,6.216796605,2.557884523,1.572429235,13934,93,20.2132324,9.703607201,25.69955204
Stone_Villa,1833,96,North,Thatch,Medium,High,3.806273034,4.85245598,0.873195596,5966,80,39.72958508,8.216383107,18.56367388
Brick_Cottage,1766,166,North,Brick,Low,Low,5.183044807,2.629692889,1.865324982,5307,77,25.70624782,11.94245215,14.6488951
Brick_Cottage,1878,173,South,Timber,Low,Low,5.906728656,2.782755739,0.731623636,7138,50,16.14141843,6.588201404,9.215370676
Wooden_House,1741,192,North,Brick,High,High,7.24843578,4.908847817,1.440155779,16656,31,20.04455034,7.175810707,5.527739934
Thatched_Hut,1714,74,South,Stone,Medium,High,4.747208548,4.204125711,0.543201771,18089,65,19.90923063,11.88968502,14.21515112
Brick_Cottage,1810,85,North,Stone,Low,Low,4.49908865,4.098789599,1.465579709,5109,50,10.59177239,10.82230699,8.020370053
Thatched_Hut,1856,252,East,Stone,Medium,High,6.116640617,4.558779152,0.915716528,8632,51,14.05549163,8.288594545,8.222629588
Brick_Cottage,1988,100,East,Brick,Low,Low,5.976956128,2.347469247,1.174515466,18952,51,30.85589379,8.882178199,14.69782727
Thatched_Hut,1930,64,South,Thatch,High,High,4.828439133,4.11786871,1.017896828,11728,72,13.6075296,10.90224544,17.79430892
Stone_Villa,1856,117,North,Brick,High,High,7.212407342,3.511065828,0.759135134,17627,80,16.9220283,8.366861722,15.48254467
Thatched_Hut,1737,70,West,Timber,Medium,High,6.87944931,4.487451921,1.432971185,10684,65,20.52211895,6.442166065,16.81271107
Stone_Villa,1796,190,North,Thatch,High,High,4.395930183,3.524425156,1.822963333,18266,93,32.73204834,10.79911177,24.34763436
Stone_Villa,1988,263,East,Stone,Low,Low,4.456570182,3.860724063,1.938626363,11499,99,27.47202895,8.764407439,27.88067471
Thatched_Hut,1953,68,East,Brick,High,High,5.549201388,3.433226379,0.788519545,6915,26,30.66999955,6.07129818,11.49924446
Stone_Villa,1895,83,North,Stone,Medium,High,6.594288407,3.434476771,1.576059161,17455,23,27.01036976,8.539100818,6.338756524
Wooden_House,1785,127,North,Stone,Medium,High,3.676161518,4.303909934,1.49650905,5556,71,30.50777276,7.892423664,19.6759097
Stone_Villa,1709,174,West,Timber,Medium,High,6.273340615,3.885699202,1.015066684,12619,50,10.08526461,11.13789772,12.89691149
Brick_Cottage,1704,245,West,Thatch,Low,Low,6.09294359,3.899789605,0.528648799,18192,94,37.92694433,5.88238802,21.58068151
Thatched_Hut,1822,289,North,Timber,Low,Low,4.425920384,3.350847451,1.534686871,5104,55,13.32760693,11.12646863,15.83153542
Wooden_House,1817,166,North,Timber,Low,Low,6.225412053,3.593328489,1.918242291,7047,73,22.18747288,8.585477118,17.48840216
Thatched_Hut,1993,101,North,Timber,Low,Low,7.260732765,4.237152999,1.448180183,19485,73,33.13115111,7.83055101,24.59714784
Brick_Cottage,1858,287,North,Stone,Low,Low,3.68714338,4.477822757,1.152939086,5145,36,23.05692154,6.133770291,12.35151986
Brick_Cottage,1927,76,South,Timber,High,High,4.778608221,4.089684206,1.287730841,15955,94,38.40527655,9.905725738,24.49431816
Brick_Cottage,1915,206,North,Timber,Low,Low,5.252706867,4.772218967,0.799443211,5873,49,24.02766845,11.48764696,14.81511926
Stone_Villa,1883,288,West,Thatch,Low,Low,7.097041436,4.460972264,1.625816246,5298,41,36.24818217,7.627641477,13.62878083
Stone_Villa,1714,205,East,Thatch,High,High,7.349045786,3.685591369,1.619629745,8238,62,34.3248434,6.691095005,18.22105301
Thatched_Hut,1856,84,South,Timber,Low,Low,5.276460986,4.014218218,0.718275951,19024,46,39.42958908,8.884068419,17.51644957
Thatched_Hut,1835,185,North,Thatch,Medium,High,6.500113649,4.778924831,1.816967574,13837,56,37.79643342,10.57330164,17.92432521
Wooden_House,1960,193,East,Thatch,Low,Low,5.626644095,3.857504133,0.903784609,17925,65,36.94371504,5.026373862,22.47485203
Wooden_House,1856,155,South,Timber,Low,Low,5.651131739,4.474420844,1.973384091,11382,54,31.94813022,9.419642055,18.84471802
Thatched_Hut,1746,213,East,Stone,Medium,High,4.61239806,4.066431511,1.074354521,16270,23,21.00994442,9.175612005,11.93697141
Stone_Villa,1872,207,North,Timber,Medium,High,4.367824983,3.655809083,0.766826088,7511,99,13.18376256,7.227065301,23.85902228
Brick_Cottage,1829,195,North,Thatch,Medium,High,4.652021384,2.725514586,1.027580167,11596,99,30.65935157,8.159961025,23.58297082
Thatched_Hut,1794,51,West,Stone,Medium,High,5.725312029,3.277992558,1.160270493,5783,45,39.35962244,6.728742569,11.11598675
Wooden_House,1814,226,North,Brick,Low,Low,3.616620744,4.903228475,0.60396166,9992,38,31.79813312,10.52920017,12.53608925
Stone_Villa,1942,126,North,Stone,Medium,High,7.128995777,3.97329615,1.367327572,5370,64,37.86188108,9.441744534,16.17811426
Thatched_Hut,1991,181,South,Thatch,Medium,High,4.125134838,3.693186141,1.39644866,5486,45,34.12914139,8.728981354,10.55916097
Thatched_Hut,1981,139,West,Stone,High,High,4.380354707,4.798869877,1.608395683,12378,41,14.89344025,7.747683389,7.712862466
Stone_Villa,1998,138,South,Timber,Medium,High,5.573104706,3.759535343,0.543754838,15229,77,17.47611312,7.039690702,22.2774461
Thatched_Hut,1982,143,East,Brick,Medium,High,6.340459065,3.578247555,1.311857322,19500,82,20.25596805,10.7591554,23.12363972
Stone_Villa,1768,252,North,Brick,High,High,3.882916219,4.277932565,0.57936115,8196,47,15.04781333,8.159853693,12.52397315
Brick_Cottage,1847,56,East,Brick,High,High,4.77077879,4.137996857,1.55171633,14552,84,27.44953998,8.510131939,19.95812682
Stone_Villa,1710,144,South,Thatch,Low,Low,7.374698422,2.579480025,0.583591979,9287,63,39.26351572,8.645801114,20.20568516
Stone_Villa,1953,157,North,Thatch,High,High,4.549371867,3.413924824,1.867591773,18017,62,32.843765,8.138568548,17.40364323
Stone_Villa,1737,123,North,Brick,Low,Low,4.75220058,3.417546328,1.55312385,7261,56,22.70160247,6.792618984,13.64507922
Thatched_Hut,1833,88,South,Stone,High,High,6.845993962,3.134673546,1.261084648,15813,85,10.13513443,5.842383082,19.06434248
Thatched_Hut,1899,190,South,Brick,High,High,3.700857727,3.551880446,1.162255885,14148,36,19.39828033,5.68976087,8.680247804
Stone_Villa,1722,208,South,Stone,Low,Low,5.358452675,3.239322193,0.696008946,13572,59,25.80277863,10.30223766,15.8903907
Thatched_Hut,1917,120,South,Stone,High,High,5.018467058,2.598036468,0.936499084,16841,57,19.72752622,6.564694756,16.04574076
Wooden_House,1840,240,South,Thatch,Low,Low,4.76634704,3.237099462,1.803438658,18085,80,13.33104769,5.389709705,18.15575388
Wooden_House,1803,105,North,Stone,High,High,4.642798376,2.216830843,1.856679217,5238,28,23.28294871,10.58262185,12.82008419
Thatched_Hut,1909,290,South,Brick,Medium,High,3.865496419,3.727357588,0.501121563,11843,96,17.59758451,6.07843157,17.51527753
Thatched_Hut,1810,219,North,Thatch,High,High,4.759303317,4.560963647,1.391204587,6105,94,37.27697129,9.376022642,21.50261452
Stone_Villa,1803,238,North,Timber,Low,Low,3.672209611,4.175861253,1.578950914,6386,80,13.05263586,7.3705029,16.85801464
Brick_Cottage,1870,91,South,Timber,High,High,6.623855455,3.08118212,1.428120474,15744,99,11.47457886,5.885361797,18.25152669
Thatched_Hut,1832,233,South,Thatch,Low,Low,5.092911176,2.261213617,0.622519647,15441,35,10.15942507,7.901366855,7.631696601
Wooden_House,1992,85,West,Brick,Low,Low,5.275615329,2.606448198,0.826587348,14719,21,19.84209053,5.103662028,5.538383484
Stone_Villa,1826,133,North,Timber,Medium,High,7.074378346,3.636471021,0.875510401,6667,91,29.81160515,10.88731488,22.60124941
Thatched_Hut,1805,245,South,Timber,Medium,High,6.132219935,2.62117125,1.747586947,17324,62,31.91241259,8.594485729,15.30255955
Wooden_House,1791,167,South,Stone,Low,Low,3.532236413,3.631919334,1.194799154,7691,61,23.5978505,5.974120076,17.39290059
Wooden_House,1986,56,South,Stone,High,High,7.272699292,2.694797074,1.230242318,12756,96,30.52985951,6.658862229,24.65688811
Brick_Cottage,1750,103,West,Brick,Low,Low,4.448577864,4.546771608,1.90233957,16864,76,20.79742109,8.135826345,14.17448811
Stone_Villa,1728,178,West,Thatch,Low,Low,3.930456739,3.191814419,1.455628833,6996,86,30.0341866,6.32208568,23.40484313
Stone_Villa,1995,221,East,Brick,High,High,6.572512714,2.736651878,1.848001552,6425,49,11.21787956,6.880194131,8.824294447
Brick_Cottage,1996,169,North,Thatch,High,High,5.501909263,4.436978541,1.184763283,16004,32,21.72258954,8.74069895,12.96556548
Brick_Cottage,1913,222,East,Timber,High,High,5.235082264,3.028516894,0.724154388,13023,38,33.72549033,10.82826309,15.73865949
Stone_Villa,1966,155,South,Stone,High,High,4.498012319,2.334463064,1.894903391,11849,26,34.09018091,7.8128778,7.519901593
Stone_Villa,1956,96,West,Brick,Low,Low,5.689885959,3.711228474,1.188057674,8247,28,31.48446337,10.01882691,13.85105027
Thatched_Hut,1800,172,West,Brick,Low,Low,4.597538421,3.744692613,0.772447133,7592,73,16.12715862,11.13678949,19.21420876
Thatched_Hut,1809,190,East,Thatch,Medium,High,7.106332021,4.144087026,0.95359361,6490,80,17.41615357,6.514106582,24.21631616
Brick_Cottage,1881,168,West,Thatch,Low,Low,4.360817919,2.7206583,0.576203885,6224,21,39.88266182,10.65034379,9.901307752
Thatched_Hut,1700,199,South,Brick,High,High,7.037420602,3.331314017,1.202450887,7587,69,13.10134022,10.30181539,13.92492164
Wooden_House,1754,167,West,Thatch,Medium,High,5.737621703,2.847103757,1.779692258,12714,94,15.41988097,7.498561086,25.6563191
Thatched_Hut,1848,70,East,Brick,High,High,6.813952536,2.242861208,1.900370684,8064,50,13.90078767,11.92663972,9.254377853
Thatched_Hut,1836,263,South,Brick,Low,Low,6.351383983,4.629841481,1.898903311,19310,52,19.82964891,6.8380066,11.32166107
Wooden_House,1901,269,East,Brick,Medium,High,6.286780446,4.186609413,0.687845038,12804,97,16.30527506,6.783622862,20.52782306
Brick_Cottage,1816,186,West,Timber,High,High,4.797383231,2.904389178,1.073080824,19729,99,24.93063879,10.40581415,20.65305578
Wooden_House,1853,75,East,Thatch,Medium,High,4.435587726,3.798118979,0.542343139,5832,30,24.28062121,8.042601226,9.18213216
Thatched_Hut,1990,58,East,Stone,Medium,High,4.343544911,2.603791364,1.782748017,17884,52,37.04516858,7.315564963,16.94774993
Brick_Cottage,1762,64,North,Stone,Low,Low,6.928766628,4.670709865,1.038133643,7440,26,11.04219842,6.250639637,12.78055697
Thatched_Hut,1943,59,West,Thatch,High,High,6.781707281,2.34471903,1.446675542,9795,50,19.5963873,10.35732702,9.163402841
Wooden_House,1724,265,West,Brick,Medium,High,5.262294112,2.011511437,1.572347657,6646,67,27.89973676,10.50425264,21.26396383
Wooden_House,1789,171,East,Stone,Medium,High,4.029618454,3.506024593,1.144767005,19306,66,28.14405286,8.965948023,20.44925458
Thatched_Hut,1774,170,North,Stone,High,High,5.029009008,3.74938347,0.959663505,5440,97,24.40378687,11.70119529,17.55463705
Stone_Villa,1993,174,West,Thatch,Medium,High,5.977373817,3.736895961,1.943319365,10956,72,34.46996622,7.227142893,17.99346633
Stone_Villa,1909,219,South,Stone,Medium,High,5.317612618,2.163535782,1.946732338,18928,99,11.88166514,6.537333318,25.47094006
Wooden_House,1716,121,East,Brick,Medium,High,6.620757074,2.942131421,0.934154552,14721,38,34.46463297,9.742267383,13.52415381
Wooden_House,1827,201,West,Thatch,High,High,7.490491289,3.497596841,1.219437645,16157,25,24.84262721,10.30886049,11.9586757
Stone_Villa,1950,257,South,Brick,High,High,4.264528354,2.649737557,1.959266238,7367,68,14.01282085,6.574341794,18.00901129
Stone_Villa,1878,98,West,Stone,High,High,5.338603279,4.617877656,0.507302611,11696,92,36.57105741,5.53627535,23.58685344
Thatched_Hut,1881,203,South,Stone,High,High,5.223935608,2.261327868,1.119017373,16478,69,29.47686339,10.67361541,12.63711152
Thatched_Hut,1851,140,East,Brick,Low,Low,4.717970131,3.462153325,0.650686325,10190,31,14.9063706,11.83551382,8.525201384
Stone_Villa,1724,86,West,Timber,Medium,High,4.292382067,4.074248173,1.263736948,9663,42,11.0094917,9.512706003,5.230265534
Thatched_Hut,1879,117,West,Stone,High,High,3.762768466,2.7852533,0.537004932,12062,73,14.23328945,6.945068301,17.55296669
Thatched_Hut,1897,99,North,Timber,Medium,High,7.048477269,3.872722211,1.110347647,9331,88,28.26393881,11.97670826,24.55939949
Brick_Cottage,1860,201,East,Stone,Medium,High,5.179394791,4.48815545,0.831048612,14496,78,15.37888706,11.25286645,18.3269303
Thatched_Hut,1876,68,South,Timber,Low,Low,5.487582074,2.571010925,1.299962544,8034,55,16.77289225,8.593664524,18.6725654
Wooden_House,1984,149,West,Timber,High,High,7.167768193,4.751661775,1.993990474,16880,22,10.75419177,10.77724899,6.462518477
Thatched_Hut,1762,109,West,Timber,High,High,6.60516191,3.660675598,1.700804158,17165,77,31.68792017,10.71074366,22.21749888
Thatched_Hut,1849,216,South,Brick,Medium,High,4.022005056,2.897696013,1.768463137,14377,74,34.31093199,11.54359279,19.60551009
Stone_Villa,1853,251,East,Timber,High,High,5.76167987,3.292574826,1.452897481,8262,76,33.9054453,10.88646691,24.208408
Wooden_House,1855,138,North,Timber,Medium,High,5.269009106,2.936575651,0.562339772,18320,36,13.82704454,9.505754652,11.44824813
Thatched_Hut,1748,195,North,Timber,Medium,High,6.68884429,4.17533348,0.810196514,7107,58,37.09903382,9.265126033,13.44160764
Thatched_Hut,1783,196,West,Stone,Low,Low,6.39693019,4.38890199,1.887596835,12036,87,30.16836488,8.271501018,26.51617844
Brick_Cottage,1876,213,South,Timber,Low,Low,6.261622888,4.498812177,1.049169677,15032,74,36.92585867,9.38539948,21.42408968
Thatched_Hut,1847,251,West,Stone,Low,Low,4.862179342,4.957304749,0.65545509,9320,64,23.41481514,10.56651611,11.05265027
Thatched_Hut,1817,274,South,Timber,Medium,High,6.719854922,4.373852877,1.553608049,10938,95,23.10864583,11.78326338,23.88982243
Brick_Cottage,1762,232,North,Timber,High,High,3.709565182,3.804152212,0.949186586,7747,20,33.53609556,8.271011507,11.38538391
Stone_Villa,1888,291,East,Brick,Low,Low,4.138499606,3.017660895,0.903285369,9677,40,12.79893566,9.015572421,10.31644751
Thatched_Hut,1748,118,South,Stone,High,High,4.842493092,3.633786346,1.996966183,12972,40,25.6262211,8.113638465,9.901337343
Brick_Cottage,1956,224,North,Timber,Low,Low,3.807229764,2.123204518,1.787208388,9264,71,35.09152707,9.679420347,20.88597986
Wooden_House,1923,98,West,Stone,Low,Low,4.43997711,4.234475227,1.111906728,8133,62,34.90577689,9.409443528,19.05379762
Stone_Villa,1840,276,South,Stone,Medium,High,6.820603932,3.337866635,1.970391812,16612,71,38.68398569,5.124836531,20.89555477
Wooden_House,1914,157,East,Thatch,Low,Low,7.293006151,2.060069689,1.475169835,6465,86,30.94817781,8.788130914,18.72731237
Wooden_House,1910,275,West,Brick,Low,Low,4.718409423,2.187520825,1.613033678,9109,63,16.23311888,5.61940827,12.9684998
Brick_Cottage,1731,210,West,Brick,Medium,High,4.558063216,3.162399391,0.547269565,7211,51,10.60840945,5.184685326,14.88777521
Thatched_Hut,1857,168,North,Brick,High,High,4.619570609,3.750264557,0.682407889,10539,29,24.38247396,10.53838013,11.50117833
Brick_Cottage,1984,198,South,Thatch,Low,Low,4.610876349,3.392611847,1.44962769,15996,83,25.41111597,6.810549035,17.87709274
Brick_Cottage,1985,258,West,Thatch,Medium,High,3.643720729,3.857612952,1.848535974,19158,98,17.20787753,7.384585541,20.34558178
Brick_Cottage,1843,199,East,Brick,Low,Low,7.207665385,3.440882776,1.435615589,14735,88,13.74092341,5.448592113,17.26452546
Brick_Cottage,1718,225,South,Thatch,Medium,High,4.354792566,3.985111536,0.701037341,6689,87,27.58624499,6.256501823,23.2193399
Stone_Villa,1717,86,East,Thatch,High,High,5.180016296,2.657378194,0.673640069,14763,47,32.92767022,10.35923373,8.246703871
Thatched_Hut,1956,192,West,Thatch,High,High,3.538747531,2.338529562,1.766278844,12727,72,39.79462311,8.454715812,13.92330813
Wooden_House,1777,212,East,Brick,Medium,High,6.931820364,3.789301864,0.708953508,12764,70,32.74907852,11.16467924,13.55132286
Wooden_House,1874,269,North,Brick,Medium,High,6.424629378,3.454068551,1.280347941,18339,72,33.80897243,7.78069492,20.89026878
Thatched_Hut,1893,248,East,Brick,Medium,High,7.287024141,2.080602962,0.55566998,19019,23,28.49382635,6.88090515,8.890584952
Wooden_House,1812,209,South,Thatch,High,High,6.626461917,3.141445656,0.621004651,9541,98,39.57767977,7.433198701,23.35982681
Thatched_Hut,1813,60,East,Brick,Low,Low,4.754826048,2.318376756,1.508522401,16471,36,29.19869155,9.989402555,14.62641177
Wooden_House,1921,187,East,Thatch,High,High,4.491493435,3.594070495,1.533772116,8541,86,35.80759859,8.885039706,18.17752658
Brick_Cottage,1865,250,North,Timber,Medium,High,6.29086523,3.187333039,1.01220411,18003,93,38.37353939,11.32933845,22.21059897
Wooden_House,1831,127,East,Thatch,Medium,High,4.9564511,3.839455733,0.823414648,16215,66,37.89575502,9.215181386,22.02788278
Thatched_Hut,1963,126,East,Stone,High,High,5.764860063,4.416806656,1.720565406,5818,75,21.44246031,8.451127459,17.6075162
Thatched_Hut,1754,234,West,Brick,Medium,High,3.525029884,2.899006052,0.825654844,19439,42,12.35986175,10.50026907,9.84538416
Thatched_Hut,1830,202,West,Brick,High,High,3.747542807,4.886306312,1.313040604,9521,37,15.15621108,11.63273696,4.266213786
Thatched_Hut,1987,51,South,Stone,Medium,High,5.641471765,3.606903502,1.952313261,6124,20,11.77669916,7.490921379,9.401885392
Thatched_Hut,1965,113,West,Thatch,Low,Low,5.764286586,3.854872396,0.721778657,10660,54,13.16190804,6.749133471,12.87609517
Stone_Villa,1861,84,West,Timber,Low,Low,6.505811778,4.04201712,1.911314401,19974,83,15.53953738,9.313521774,22.54930652
Stone_Villa,1786,56,West,Stone,Medium,High,4.027861278,4.00019459,0.77433958,18137,77,20.2328295,8.492109748,15.27676806
Wooden_House,1754,134,West,Stone,High,High,5.552732335,3.532912229,1.351164812,10641,78,26.3061894,11.92429902,17.84691281
Thatched_Hut,1987,195,North,Thatch,Low,Low,4.277790578,3.286292873,1.065511568,6129,20,31.35046178,8.236532489,10.49212433
Wooden_House,1877,116,West,Brick,High,High,3.872784478,2.161345893,1.947392902,6702,22,16.32782008,5.52032086,11.60388775
Thatched_Hut,1707,91,North,Thatch,Medium,High,5.141983176,2.066257536,0.910313044,7001,86,30.17567213,11.84158343,16.01649736
Thatched_Hut,1946,167,North,Stone,High,High,4.153346592,3.073883584,1.099487003,11912,56,31.12777224,10.90510862,17.33299057
Stone_Villa,1954,174,West,Stone,Low,Low,4.387127913,3.000982672,1.974290177,8878,48,26.75867011,6.247751008,11.22677144
Stone_Villa,1753,216,East,Brick,High,High,4.770218319,3.163085465,1.304705587,17564,52,37.10853609,11.33223677,14.73694822
Brick_Cottage,1948,218,North,Brick,High,High,4.537553603,2.415104603,1.253945173,12232,80,13.32984442,7.384667746,16.02575034
Stone_Villa,1938,290,East,Brick,Medium,High,3.85036519,4.214504812,0.886667732,14998,23,15.31364373,7.639783892,7.663044915
Brick_Cottage,1928,252,East,Thatch,Medium,High,3.859664979,4.570893244,1.55204534,16139,33,22.85994473,11.34474038,7.084907194
Brick_Cottage,1766,280,West,Brick,Medium,High,4.272997661,4.816143906,0.521559428,11331,52,13.80138206,8.710808955,10.51062415
Brick_Cottage,1750,73,South,Stone,Low,Low,3.702236752,3.477086911,0.574268945,11035,41,26.98888431,5.964340506,6.936521835
Brick_Cottage,1796,237,West,Stone,Low,Low,6.005828079,4.102597097,1.399037881,16401,67,21.952014,7.583393115,13.55104088
Brick_Cottage,1791,95,South,Timber,Medium,High,4.649306866,4.56665337,1.012511861,15344,22,18.53787384,10.05468212,10.73828638
Wooden_House,1963,68,South,Thatch,Medium,High,4.618983871,3.254873333,1.929974558,17833,42,15.09969439,6.219289316,15.9583778
Stone_Villa,1990,117,West,Timber,Low,Low,4.827993177,2.928238385,1.854786036,11523,87,20.06014715,9.131618382,22.79889339
Brick_Cottage,1795,267,West,Stone,Low,Low,6.151185097,4.810173668,1.570559388,17397,40,28.23878052,9.866918931,9.794213063
Thatched_Hut,1787,151,South,Timber,Low,Low,6.982535526,3.547029653,1.727218372,13111,62,27.27355633,7.406975029,16.16167977
Stone_Villa,1777,91,West,Stone,Low,Low,6.53634773,3.49176166,1.500997775,13736,45,14.90872001,9.857164821,14.18264745
Stone_Villa,1987,81,South,Timber,Medium,High,6.410116921,2.53524829,0.688373154,7401,60,13.74759432,11.18945146,19.02706317
Brick_Cottage,1819,216,East,Brick,Low,Low,5.437564742,2.324465044,1.648315055,18030,57,10.80030288,8.30481721,13.09256092
Wooden_House,1864,158,West,Timber,Medium,High,6.275222228,4.526320587,0.815287953,15556,30,10.37276781,7.680365297,11.93403899
Brick_Cottage,1881,287,East,Brick,High,High,5.711049472,3.842399529,0.985164283,14481,48,36.39431307,6.75810881,19.49402351
Wooden_House,1922,85,North,Brick,High,High,4.365002113,2.977473752,1.728851318,16957,79,11.35266568,9.229438359,21.00661166
Thatched_Hut,1706,281,East,Thatch,Low,Low,4.334353471,2.575208652,1.304788413,15067,86,31.9366333,11.15896434,17.60054467
Stone_Villa,1962,278,East,Brick,High,High,4.685568028,3.666491841,1.789911071,18376,84,36.15955289,7.27262887,16.38453217
Thatched_Hut,1860,146,South,Brick,High,High,7.143210684,3.751757868,0.81955298,17620,80,12.94173546,7.773648672,19.23186621
Wooden_House,1850,213,East,Timber,High,High,5.689659362,2.620980804,1.411667658,18824,38,23.08904271,7.846378623,11.49806654
Wooden_House,1784,180,West,Stone,Low,Low,6.435621508,4.554217244,0.625686459,18444,65,38.8690895,8.925686392,15.33208607
Thatched_Hut,1846,122,South,Thatch,Low,Low,4.886235039,2.252793098,1.46459149,17879,68,35.02415982,6.598862731,16.07250487
Wooden_House,1811,185,North,Brick,High,High,5.130863083,3.068279255,1.643801057,13974,41,24.69112096,10.75547809,13.73497963
Thatched_Hut,1735,146,West,Thatch,Medium,High,4.002262315,4.041153241,1.377396341,5539,97,32.87713338,7.069215943,22.97847389
Stone_Villa,1984,172,North,Timber,High,High,4.185179831,2.822361091,0.899347252,15974,76,35.00132873,9.937538836,16.97875586
Thatched_Hut,1887,119,East,Brick,Low,Low,6.809426219,4.483025584,0.547014003,18846,33,20.4408089,8.592510192,11.55655223
Stone_Villa,1781,218,West,Timber,Low,Low,5.839354527,4.21960348,0.679173326,10615,63,36.76458751,9.101283223,18.90347693
Thatched_Hut,1701,280,West,Thatch,Low,Low,4.850129864,4.367068534,1.433454469,15860,35,24.11419959,6.257261172,13.27899042
Wooden_House,1896,245,North,Timber,High,High,6.711404836,2.357319608,1.901630325,17906,96,25.83422091,10.14516239,19.67718499
Thatched_Hut,1710,62,West,Thatch,Medium,High,4.486079623,2.421641384,0.809801606,17129,31,39.99122913,6.320343633,13.59326652
Wooden_House,1933,98,West,Timber,Low,Low,7.404130794,2.859421213,1.602539224,7956,74,35.29908898,5.794315463,21.86739512
Thatched_Hut,1894,109,West,Thatch,Low,Low,4.879270431,3.554231496,1.799676595,13077,70,20.85310017,8.826756499,12.33531259
Thatched_Hut,1818,179,East,Stone,High,High,4.849243817,4.24404823,1.281323268,8722,58,10.31036789,9.965079958,15.83709899
Brick_Cottage,1719,237,North,Timber,Medium,High,4.747647622,4.509592672,1.503898694,17059,52,28.78522221,5.350250855,13.41309867
Wooden_House,1960,54,West,Timber,High,High,3.988446064,4.113005948,1.722522975,15025,52,31.11740278,5.485767205,12.71261921
Brick_Cottage,1992,221,South,Stone,Low,Low,3.944548589,4.785790645,0.891012737,10087,48,29.5240807,10.61875414,11.88168305
Wooden_House,1955,76,South,Stone,Medium,High,6.092420138,4.216230529,0.945343511,15338,88,39.03587053,10.6632289,20.87890212
Brick_Cottage,1921,209,South,Timber,Medium,High,7.000472178,2.918803661,0.500941275,11460,89,35.88913082,6.717133019,21.92857849
Stone_Villa,1925,198,South,Stone,Low,Low,6.662082041,2.795243853,1.944641196,7170,50,23.4649508,9.30659742,16.89699329
Thatched_Hut,1752,57,East,Brick,Medium,High,4.064430376,4.088577351,1.876317342,8391,99,11.88572462,8.102260526,17.64538809
Wooden_House,1979,279,West,Thatch,Medium,High,5.682328487,2.578611706,1.646852396,11942,50,24.28176309,9.42887229,18.08956677
Wooden_House,1780,249,North,Thatch,High,High,3.922366184,2.278144432,0.618614031,6616,65,30.6773206,11.04015499,16.3702006
Thatched_Hut,1901,99,West,Thatch,Low,Low,3.681178574,3.596668625,1.171254335,18806,96,28.23129425,5.558994972,19.5811597
Wooden_House,1857,116,East,Brick,Low,Low,6.125543438,4.464924709,0.652837631,19792,71,26.14411203,10.44589098,14.10015955
Wooden_House,1819,295,South,Stone,Low,Low,5.640609335,2.304139527,0.523880401,17809,29,24.06456874,8.451203732,10.25161612
Brick_Cottage,1758,93,East,Stone,Low,Low,3.828094741,4.375673971,1.424274448,19855,93,18.81285619,8.948888606,21.93554971
Wooden_House,1914,174,West,Timber,Low,Low,3.639756986,4.434716013,1.941244126,14108,60,18.32040285,9.57751952,9.266672584
Stone_Villa,1827,107,North,Stone,Medium,High,7.459025654,3.446822,1.854302035,18004,96,25.00694437,11.45836204,20.568554
Stone_Villa,1923,52,East,Timber,High,High,3.620085329,2.17193093,1.545132222,11458,22,14.81809439,5.397039675,9.567063381
Thatched_Hut,1908,135,North,Brick,Low,Low,5.278113012,2.523769554,0.644960876,7756,78,20.22056271,5.206334465,14.71609216
Wooden_House,1814,119,East,Thatch,High,High,5.518476098,4.122278825,0.911246057,11853,71,19.71937824,6.24783247,21.23249602
Thatched_Hut,1908,179,North,Thatch,High,High,3.969120591,4.135333835,0.98008509,12709,53,27.61398405,11.90513408,14.54655665
Stone_Villa,1713,264,North,Thatch,Medium,High,4.176247114,4.695065826,1.644725087,6936,68,12.00046901,10.00553457,14.23129614
Wooden_House,1708,221,South,Stone,Low,Low,4.907220026,3.74805844,1.703373769,17234,47,34.89006041,9.302487833,11.94644698
Wooden_House,1739,51,North,Timber,Medium,High,6.546703505,2.372322103,1.077659184,8091,32,26.87135141,5.329273374,6.487121857
Thatched_Hut,1936,151,South,Timber,Low,Low,5.528329696,2.364244717,1.126825995,17847,88,30.12480042,11.15377157,24.39804003
Stone_Villa,1980,258,West,Brick,Medium,High,6.051607498,4.163397072,0.566763559,5968,86,31.09281711,10.68929797,17.62444441
Wooden_House,1900,84,West,Stone,High,High,7.44069822,2.551353995,0.933705078,12297,80,18.74452411,9.653600307,17.75950138
Thatched_Hut,1945,147,South,Brick,Low,Low,6.572021741,2.985156499,1.176927766,16556,79,24.11114702,7.373915708,20.71341223
Stone_Villa,1977,264,South,Timber,High,High,5.237445993,3.461636021,0.67547457,8203,90,38.68737868,5.493534689,20.84867993
Thatched_Hut,1934,79,East,Timber,High,High,5.285767687,2.074294633,1.179901191,11499,43,33.00115714,9.060269415,12.70235031
Brick_Cottage,1703,165,East,Thatch,Medium,High,5.975088308,2.746457081,1.779763718,10173,82,39.08670626,10.037862,24.38207067
Wooden_House,1853,57,East,Stone,Low,Low,6.161460834,3.223668826,1.37198153,5889,80,32.38763035,5.659682453,20.89293631
Brick_Cottage,1728,199,West,Timber,High,High,5.502843703,2.838908955,0.618394783,13984,42,15.26800419,9.436373619,15.28072099
Stone_Villa,1808,93,East,Thatch,Medium,High,6.079444891,2.409110982,0.787506978,16650,49,11.93607652,7.004562475,16.10742381
Brick_Cottage,1797,235,North,Stone,Low,Low,3.594129978,4.184036773,1.211816525,19600,79,27.3298431,10.34970955,16.59049974
Brick_Cottage,1914,85,North,Brick,Low,Low,5.218491456,4.439442966,1.042230725,14173,37,20.73439839,8.777310954,9.326844622
Stone_Villa,1992,246,East,Stone,High,High,4.615752304,2.772436928,1.038090529,12382,75,18.2637373,5.903257515,17.18686565
Thatched_Hut,1774,126,North,Stone,Low,Low,4.016697781,4.323258484,1.293901172,8531,72,34.21632989,8.685636134,19.35464918
Brick_Cottage,1845,270,West,Timber,High,High,3.898186051,3.156660693,1.376593882,16721,26,21.00979801,7.770158044,5.56399851
Thatched_Hut,1827,80,North,Timber,Low,Low,5.912768662,3.520057373,1.695292355,5801,88,19.51002909,6.262491778,25.94738027
Brick_Cottage,1741,96,West,Stone,Medium,High,5.594402189,4.568003225,1.011449845,13234,91,35.4996278,10.89061007,23.45588407
Thatched_Hut,1740,298,South,Timber,High,High,4.514336468,4.249861045,1.708199425,18897,98,35.38862009,5.077199139,23.374607
Stone_Villa,1733,104,South,Timber,High,High,5.383800235,4.415350554,1.007916844,8349,71,20.69099913,7.184897938,18.9741186
Brick_Cottage,1716,257,South,Timber,Low,Low,5.468929261,2.4105355,0.583149483,13005,23,34.97496103,5.088165267,8.768377785
Stone_Villa,1864,155,South,Thatch,Low,Low,4.280035922,2.209158278,1.331281477,14969,53,35.52335471,5.672048626,18.33590052
Brick_Cottage,1852,239,North,Thatch,High,High,6.108372248,4.680214187,1.381853487,8201,88,22.71791605,7.079673534,22.18845263
Stone_Villa,1775,207,East,Stone,Low,Low,6.623677426,3.163502809,1.901810368,5349,52,11.99419391,5.379898298,9.254983478
Stone_Villa,1786,170,North,Timber,Medium,High,6.665854164,2.863639034,1.589091989,14759,88,10.04753933,9.176413726,16.86996694
Brick_Cottage,1816,104,West,Thatch,Low,Low,5.909879323,4.174088763,1.876658979,14321,57,25.69877389,5.608040356,19.45314871
Brick_Cottage,1726,193,North,Stone,Medium,High,5.54655433,4.50924679,1.862520815,16151,45,20.3222648,9.911995438,12.45210282
Brick_Cottage,1986,61,North,Timber,Medium,High,3.744028572,4.587468866,1.406861165,16979,20,39.91395682,5.368494788,13.29314578
Wooden_House,1833,194,West,Brick,Medium,High,4.651325195,2.947991423,1.291643098,19336,23,33.17232999,5.415162264,4.884086272
Thatched_Hut,1918,193,South,Timber,Medium,High,3.873085787,4.556637174,1.336161451,14972,58,32.83826369,7.137281293,13.3455193
Wooden_House,1867,189,South,Timber,Medium,High,7.355292644,2.122801833,1.967496212,5583,73,38.65728305,11.27600067,16.82360822
Wooden_House,1797,185,South,Thatch,Low,Low,4.040320585,2.148984474,1.659751538,17719,52,36.63173194,9.489752741,14.72378586
Stone_Villa,1967,261,East,Stone,Medium,High,4.107101639,3.870557586,0.659398857,8377,52,19.54562438,10.39091904,11.15785776
Brick_Cottage,1936,52,West,Stone,Low,Low,7.058306473,2.189319107,1.66764261,11028,91,14.97961665,5.990864766,18.60167729
Thatched_Hut,1872,193,West,Thatch,Medium,High,7.275713134,2.973827506,0.755807073,12694,39,32.37676795,10.83887803,13.9352769
Stone_Villa,1889,79,North,Timber,High,High,6.563316157,4.018267959,1.171025824,11196,35,21.34821681,5.057023737,11.76805867
Wooden_House,1821,286,East,Brick,Medium,High,3.521619695,3.011800688,0.815689508,12083,40,24.19517955,6.491401455,8.629410024
Brick_Cottage,1745,72,South,Timber,High,High,3.505385084,2.538799344,1.534374598,19855,64,28.91193194,9.312646248,15.37907006
Stone_Villa,1763,141,East,Timber,Medium,High,5.012403079,2.844051866,1.815964604,8401,81,37.23618031,7.62672486,23.36185775
Brick_Cottage,1829,164,West,Brick,Medium,High,4.07358148,3.372725997,0.935542828,18636,50,22.57263261,11.88935374,8.968899998
Stone_Villa,1892,153,West,Thatch,Medium,High,3.573544569,3.426157566,0.623016112,8185,61,33.49950671,5.212374728,14.22330548
Brick_Cottage,1880,167,North,Stone,High,High,5.356266758,4.349000694,0.947739647,15386,31,18.05019374,11.99018718,6.746225188
Wooden_House,1991,54,North,Thatch,High,High,7.27224759,4.250459688,1.508542787,19318,84,30.93915373,9.36539483,24.12422457
Thatched_Hut,1981,261,West,Thatch,Medium,High,4.7952783,3.370453414,0.993140191,10285,92,10.04738263,8.910948962,23.48941362
Wooden_House,1728,153,South,Timber,Low,Low,6.144562714,4.537002047,0.917168251,14354,22,36.1452164,5.416587098,8.767370542
Thatched_Hut,1848,297,South,Stone,Medium,High,6.108941413,2.342711416,0.776652786,11772,28,10.9113874,6.913302137,6.329157637
Brick_Cottage,1966,157,East,Stone,High,High,4.504320415,2.766060051,1.24627464,13490,70,31.38261264,11.47263882,20.99036129
Stone_Villa,1995,114,West,Thatch,Medium,High,6.101700995,4.483929391,0.913923242,8347,35,11.38774568,7.479722022,14.68732998
Wooden_House,1710,170,West,Brick,High,High,4.349335897,3.133982116,1.596515524,15131,97,17.98737098,9.631572403,23.15062696
Thatched_Hut,1863,79,South,Thatch,High,High,3.988029654,4.943544676,0.614933603,5788,22,24.91607211,11.99647445,11.3861333
Wooden_House,1812,198,South,Brick,High,High,6.305533142,3.398759845,1.49604955,9945,43,22.59816056,6.841487997,14.24394781
Thatched_Hut,1886,133,West,Stone,Medium,High,3.953763268,4.375806869,0.856340022,19513,92,15.75508344,9.032566153,22.48047947
Wooden_House,1994,247,North,Thatch,High,High,7.487636874,3.206921124,1.233918892,7889,32,20.01444735,9.875064549,9.056810278
Thatched_Hut,1931,199,West,Timber,High,High,4.233809605,3.274860557,0.929134883,14569,21,31.8311911,6.152390726,7.599221237
Thatched_Hut,1926,259,West,Thatch,Medium,High,5.876567451,3.148649442,1.584153014,10273,90,30.07771278,6.040707946,19.17927005
Brick_Cottage,1797,249,South,Stone,High,High,5.145498286,4.157226862,1.91796056,15141,40,12.15443751,8.194155382,13.37686197
Thatched_Hut,1754,280,South,Timber,Medium,High,4.00554569,3.642553652,1.875615169,8272,38,32.41947477,7.700687652,15.6151731
Brick_Cottage,1810,81,North,Timber,High,High,3.61137563,4.831334334,1.375139323,14069,66,11.59137644,9.999508058,15.39930518
Thatched_Hut,1851,210,North,Brick,Low,Low,5.990929129,2.75267095,1.193915455,10234,41,26.28779167,5.4865614,11.16340454
Stone_Villa,1945,294,East,Timber,Low,Low,6.727030255,2.301688196,1.727450764,16934,94,17.80188244,11.80516637,18.12283335
Stone_Villa,1768,65,West,Timber,High,High,6.868062646,3.179784455,1.524989544,14769,52,27.63070383,5.099938872,13.22867623
Stone_Villa,1988,253,South,Thatch,Low,Low,5.430853892,3.850138123,0.775346171,11902,51,17.83985188,9.20921777,10.41167279
Thatched_Hut,1949,87,North,Stone,Medium,High,6.609821869,4.582396811,1.73137882,16331,83,39.54873909,8.938428171,23.20737805
Brick_Cottage,1735,293,East,Brick,Low,Low,6.191388534,3.03859066,1.143326584,12612,58,19.29184551,5.943010116,19.88665145
Brick_Cottage,1938,275,East,Thatch,High,High,6.39701811,3.961360253,0.78347849,7492,91,17.25881907,6.056411879,17.39582746
Thatched_Hut,1847,191,South,Timber,High,High,5.470396021,3.050596043,0.922696026,15947,61,18.35395873,10.54874241,9.671068396
Stone_Villa,1926,85,South,Timber,Medium,High,6.033646961,3.851658749,0.901290545,11745,28,36.89418572,11.21293721,11.06547405
Stone_Villa,1943,274,East,Brick,High,High,6.722103654,4.654423841,1.278810462,18934,44,29.08656486,6.981118761,11.51408918
Brick_Cottage,1900,200,North,Stone,Medium,High,5.091536702,2.694072927,0.851555136,15095,21,31.92052292,8.065747748,12.13015452
Stone_Villa,1853,163,East,Brick,Low,Low,6.723915603,3.212724926,0.685349731,14574,38,37.5403153,7.484965287,11.49149935
Wooden_House,1772,286,West,Thatch,Low,Low,5.868067371,4.979795589,0.685536276,9240,39,37.35617455,5.507829091,11.26546133
Brick_Cottage,1900,115,West,Brick,Medium,High,4.163604097,4.605671085,1.374914296,7322,89,32.1683754,9.712429722,18.85125986
Stone_Villa,1995,154,South,Timber,Medium,High,3.598736629,3.693919574,1.602138933,15748,36,15.93473287,10.77635054,4.886099765
Brick_Cottage,1716,134,North,Thatch,High,High,4.951014402,3.549882776,0.982299513,10298,87,35.30119962,7.134155502,22.79410081
Wooden_House,1828,51,North,Timber,Low,Low,5.686785313,2.853801147,0.551976065,6861,22,16.11328103,11.93123056,3.150610671
Brick_Cottage,1916,268,West,Stone,Medium,High,6.859281409,3.551628283,0.69083733,19142,70,32.28696442,5.530960901,18.79845656
Brick_Cottage,1760,298,East,Timber,Low,Low,4.009942721,4.544544495,1.872041841,11620,45,30.568092,9.632534997,11.74499408
Brick_Cottage,1803,250,South,Timber,Medium,High,6.700825391,4.05552354,1.240315489,15058,75,32.7666655,8.137596102,15.20448049
Brick_Cottage,1741,242,East,Brick,Low,Low,6.952036184,2.870132085,1.180359214,9047,83,25.98057042,8.126213308,16.21690527
Wooden_House,1724,124,East,Timber,High,High,4.102749948,2.604391763,0.557073767,12581,27,29.16178547,8.203519312,8.928976546
Thatched_Hut,1738,116,East,Thatch,Low,Low,6.906377277,2.795625611,1.592955533,12320,56,38.59960241,6.810772417,19.11134172
Brick_Cottage,1990,229,North,Thatch,Low,Low,7.465814271,2.509277604,1.292102121,16367,46,13.03265783,10.00893979,16.65580978
Brick_Cottage,1830,239,West,Stone,Low,Low,6.407355324,2.286922088,0.803121404,6098,64,19.26541824,10.05103568,12.71120519
Stone_Villa,1928,200,North,Thatch,Low,Low,6.639078727,3.257408523,0.66511064,10247,23,28.34071039,6.976779771,5.390842543
Brick_Cottage,1807,203,West,Brick,Low,Low,7.47766107,2.339898813,1.075081795,6734,56,38.9216239,10.84714523,12.18244295
Stone_Villa,1871,245,South,Stone,High,High,5.921925002,2.515737673,1.755742946,9663,90,12.86723343,7.217914606,20.16451875
Thatched_Hut,1801,259,South,Thatch,Medium,High,4.731545528,3.641974053,1.797941839,10909,52,10.67647665,10.07565187,13.04976373
Wooden_House,1711,104,East,Brick,Low,Low,6.850123336,2.493797821,1.404269571,8416,50,11.67248795,5.846998373,16.82844436
Wooden_House,1974,55,West,Thatch,High,High,5.95794311,2.191639302,1.591304641,17818,74,11.57217059,6.1809115,19.52645514
Thatched_Hut,1800,212,West,Thatch,Low,Low,5.824781695,2.95216655,0.672733681,11302,31,37.23447573,7.210569512,8.477332409
Wooden_House,1743,199,West,Timber,Low,Low,4.514542222,2.660957296,1.382189098,18849,30,31.63773724,9.157116374,9.207325224
Thatched_Hut,1716,220,East,Thatch,Medium,High,6.525337078,3.545915564,1.500448555,12593,91,30.31319099,9.518580398,26.69373502
Thatched_Hut,1756,192,East,Thatch,Low,Low,3.826669103,2.307101254,0.801069264,5680,51,25.67718461,7.774493204,11.393565
Thatched_Hut,1711,135,South,Brick,High,High,7.197148283,4.255312363,1.820232099,13163,76,33.45857851,5.544874072,21.02276083
Wooden_House,1779,109,North,Brick,High,High,4.803293843,4.718700558,0.792495106,7070,57,14.66943978,7.615442565,18.33115573
Stone_Villa,1915,150,West,Timber,Medium,High,4.011098611,4.230305522,0.97021604,18358,79,21.75823569,9.821372612,20.36417841
Thatched_Hut,1963,293,West,Thatch,Low,Low,5.269466132,3.598481112,1.430835271,11668,38,24.70012752,9.696968228,13.24275603
Brick_Cottage,1848,283,North,Timber,High,High,3.669879637,4.582003465,1.457525098,18016,75,13.31228493,6.121374892,14.46523338
Wooden_House,1780,61,West,Thatch,Low,Low,6.238504777,4.084755139,1.549077111,13001,33,22.58541128,5.054487792,10.11387714
Thatched_Hut,1914,288,East,Stone,Low,Low,7.110822042,2.031653367,0.66801757,14921,52,19.49505338,10.27087132,9.674163725
Thatched_Hut,1897,98,East,Stone,Low,Low,6.849052029,3.182270458,1.774196645,7191,29,11.06746437,5.744577165,10.24761569
Brick_Cottage,1899,91,West,Timber,Medium,High,4.009477894,4.552855698,1.299270698,13859,99,14.10206208,5.576444008,18.136958
Stone_Villa,1724,215,East,Timber,Low,Low,4.005084548,3.037576574,1.206982691,14804,83,32.9211047,5.018908518,24.24996686
Stone_Villa,1788,131,East,Timber,High,High,6.753737929,2.105645521,1.971646437,12586,83,10.54113729,8.028209282,22.57087871
Stone_Villa,1967,222,West,Brick,Low,Low,7.197017098,4.238538916,1.610567445,13872,81,38.02759897,8.522847306,22.23275
Thatched_Hut,1842,84,South,Brick,High,High,5.342679319,4.406114811,0.67700904,14164,87,12.59273897,9.463648323,15.84954422
Thatched_Hut,1758,207,North,Brick,Low,Low,5.495884468,2.481781085,1.634808751,7846,62,33.97714283,7.072446885,12.38695697
Thatched_Hut,1725,265,East,Timber,High,High,4.773048166,3.612021491,0.642873401,15324,99,36.95849623,9.972973015,26.85486578
Wooden_House,1746,283,South,Thatch,High,High,7.077060473,2.575866317,0.541205844,7463,78,38.23406755,6.185323002,22.72627722
Brick_Cottage,1987,207,East,Stone,Low,Low,6.079611621,4.157703257,1.105438843,11837,71,36.0243107,10.82393037,20.78674717
Thatched_Hut,1965,255,East,Timber,Low,Low,4.653006309,2.814651366,1.990367259,15721,38,18.62650118,9.002938302,8.02663687
Brick_Cottage,1715,183,North,Brick,High,High,4.695131484,2.948645368,0.762325904,15695,40,19.99261394,9.087228764,10.62420876
Brick_Cottage,1898,116,East,Brick,Medium,High,7.064800292,4.534912561,1.508966515,9922,41,22.79637096,6.468427896,15.19009337
Stone_Villa,1981,129,North,Timber,Low,Low,3.554536096,3.428967057,0.760094099,9392,28,14.17890068,5.518761245,7.31703895
Wooden_House,1785,56,North,Timber,Medium,High,4.790906291,4.009263354,1.587180462,8183,28,10.66817365,8.253073622,8.425498014
Thatched_Hut,1949,229,North,Brick,Low,Low,5.717426725,3.207119152,1.258030502,17225,92,36.07364843,9.309283663,25.90150409
Stone_Villa,1969,63,South,Thatch,Low,Low,4.092869848,2.894020572,1.519957565,18541,46,26.62386149,5.665325211,9.927962483
Stone_Villa,1816,122,West,Brick,Low,Low,3.868395017,3.876434181,0.804309764,8167,36,28.26168827,11.65374132,5.288906964
Thatched_Hut,1706,192,South,Brick,Low,Low,6.761105324,2.464572722,1.618442499,7997,63,37.80965424,11.86290052,17.70717309
Brick_Cottage,1836,198,West,Timber,Medium,High,7.077617555,3.118999507,1.993428589,11521,64,29.95360534,8.818196868,13.19178765
Stone_Villa,1875,212,West,Thatch,Low,Low,6.794425683,2.627111112,1.498475751,8227,27,30.72560513,11.65048409,12.20524948
Brick_Cottage,1914,115,North,Brick,High,High,7.095151559,4.087384901,1.240219997,11564,99,33.60905945,6.256116663,27.64937287
Wooden_House,1781,140,East,Brick,High,High,5.712447884,4.832626515,1.884760983,15344,37,13.4904535,5.177944796,14.38680705
Brick_Cottage,1922,179,North,Stone,Medium,High,6.749032484,4.986532904,0.523777763,14920,52,20.8048646,5.275866747,16.19545033
Wooden_House,1802,212,East,Timber,Low,Low,5.036170554,3.350830431,1.594885279,7024,20,39.04623783,9.112587356,4.272167296
Brick_Cottage,1972,259,West,Stone,High,High,6.165071446,2.757591169,1.833119775,5329,95,37.68790234,5.431493184,22.29654858
Stone_Villa,1713,255,North,Stone,Medium,High,7.455342126,3.328488111,0.592511875,7486,25,36.52225889,11.70981925,13.11725155
Stone_Villa,1858,69,East,Brick,Low,Low,4.402910895,4.54180823,1.175096256,6155,60,23.56265531,5.993532475,12.03033866
Wooden_House,1851,259,South,Timber,High,High,5.059598985,2.618017036,0.807079181,15082,74,35.71578861,7.133059642,21.4595711
Thatched_Hut,1807,59,East,Thatch,High,High,5.420189509,4.856286955,1.349777248,9477,24,11.45187646,10.75762461,9.306350787
Wooden_House,1887,74,North,Brick,Medium,High,4.052061948,3.025597306,1.474314438,7185,78,14.45552273,6.531182262,16.06646477
Wooden_House,1797,243,South,Thatch,Low,Low,3.824154442,4.957410978,0.953934774,12086,99,22.41903095,6.700779209,20.83679921
Brick_Cottage,1830,74,East,Thatch,Low,Low,6.818891465,4.515826663,1.189972505,18130,37,24.501762,9.496162691,11.93841621
Brick_Cottage,1992,103,East,Timber,High,High,7.407177491,4.425711602,0.919009228,7317,68,17.90521461,6.932602619,21.32045301
Wooden_House,1870,82,East,Stone,High,High,5.118900255,2.953714021,1.054086747,8621,84,20.69430013,6.522133438,17.36351547
Stone_Villa,1882,213,East,Timber,High,High,3.850599345,2.026331636,0.739309935,9491,73,14.88328303,6.779244,21.07036114
Brick_Cottage,1738,144,East,Thatch,Low,Low,3.763247043,3.146398726,1.828339165,7511,80,24.67402095,8.434532495,19.65330597
Thatched_Hut,1714,63,South,Brick,Medium,High,7.065272825,2.905428109,0.515015616,12842,27,33.81529879,11.76269911,14.88289118
Brick_Cottage,1703,114,West,Thatch,Medium,High,5.355256999,2.112190971,1.82361378,13641,22,29.84081181,10.82566559,3.792713802
Brick_Cottage,1909,159,South,Brick,Low,Low,4.780109266,3.51609577,1.357518318,14546,44,13.23376742,6.992271852,7.38059837
Thatched_Hut,1860,129,South,Brick,Medium,High,5.405845085,3.209093934,0.997486766,12848,88,24.6274481,7.543612459,24.5233629
Wooden_House,1715,103,South,Timber,High,High,4.773216379,3.903669403,1.584585688,19274,74,30.92939148,8.251585754,22.27678914
Thatched_Hut,1807,287,West,Thatch,Medium,High,5.456143101,3.863558967,1.261628228,10404,59,25.8968589,11.85250753,14.20184282
Wooden_House,1926,174,North,Stone,Medium,High,6.938225588,2.362239908,1.248662987,10393,69,21.7502679,6.206733278,20.34350469
Wooden_House,1869,229,West,Thatch,Medium,High,5.869205484,4.930896638,0.665213424,19355,52,28.65743264,7.502381724,18.37544254
Wooden_House,1733,180,South,Thatch,High,High,6.278615091,2.560794288,1.084274039,19574,37,39.05915996,10.10598266,7.855304892
Thatched_Hut,1950,276,East,Stone,Low,Low,4.958682705,3.335822074,0.861596519,6293,76,12.84723729,11.74760614,17.35404808
Wooden_House,1946,218,East,Timber,High,High,6.454023514,3.46435263,0.523543858,7465,35,21.70048182,6.089726489,14.71392131
Stone_Villa,1968,183,South,Thatch,Low,Low,6.16646834,4.439188392,1.040149446,16294,99,22.19817559,6.591659679,22.76626924
Thatched_Hut,1840,74,East,Thatch,Low,Low,3.978247991,2.297688788,0.634733194,15041,57,27.30901931,6.579862721,12.82788944
Stone_Villa,1973,190,South,Brick,Low,Low,5.790571412,3.285932838,0.885245057,8175,60,14.56523806,5.146524206,18.27957152
Wooden_House,1795,166,East,Thatch,Medium,High,4.526973985,3.885506511,0.638774932,12849,26,15.2992909,9.228809375,5.505520042
Brick_Cottage,1926,275,West,Stone,Medium,High,6.716382679,2.645466865,0.651412438,17473,97,18.56084158,9.694921519,17.70703418
Wooden_House,1738,185,North,Brick,Low,Low,5.203750834,3.882403696,0.798516942,16391,72,38.6761013,9.217681231,23.62167518
Stone_Villa,1728,198,North,Timber,Low,Low,7.478736661,4.770994513,1.999773867,14425,82,32.02325744,5.499260926,23.16307425
Stone_Villa,1944,275,West,Brick,Medium,High,3.870001752,4.992554394,0.503276214,14629,51,29.85079905,5.48461088,17.21833779
Thatched_Hut,1935,245,West,Stone,High,High,6.621391451,2.09735323,1.458008954,16544,57,34.50873062,6.472705881,20.12004323
Brick_Cottage,1884,74,South,Stone,Low,Low,6.194806934,2.706764685,0.711865547,17222,41,13.82729407,7.03206161,6.937824756
Thatched_Hut,1971,128,South,Brick,High,High,6.569995322,2.930921347,1.880942205,13444,35,35.77998459,10.50580559,8.470436996
Stone_Villa,1935,117,South,Timber,Medium,High,4.730119182,3.197378301,0.64044934,13210,71,27.84498142,6.11573186,16.23761817
Wooden_House,1938,222,East,Brick,Low,Low,5.468217958,2.726771473,1.932594781,7759,48,20.05987022,5.308645515,11.48535975
Brick_Cottage,1965,237,South,Timber,High,High,6.686034079,2.610463984,1.416389581,10255,35,34.47565767,7.757912554,13.82686147
Wooden_House,1764,61,West,Brick,High,High,4.430165326,4.863661527,0.501902115,13414,95,34.07693603,7.914745191,24.27115644
Wooden_House,1876,81,North,Stone,High,High,4.404132787,4.755564808,1.841010797,5002,36,35.37125745,8.156351367,11.25381965
Brick_Cottage,1702,177,East,Thatch,Medium,High,5.704203813,2.140977503,1.282567702,13130,83,13.465537,10.78832481,15.75362797
Thatched_Hut,1841,145,South,Thatch,Medium,High,5.594254318,3.016439065,0.894004603,6259,32,39.08083735,5.686037904,10.78783801
Wooden_House,1857,141,East,Timber,High,High,4.629049882,3.215445661,1.650918766,13190,91,38.78878461,9.927594577,22.84382417
Stone_Villa,1845,190,East,Timber,High,High,4.692302602,2.717043604,1.889998331,18141,75,20.72408937,7.365618997,17.6252901
Wooden_House,1992,80,South,Timber,Medium,High,4.611380653,3.886618691,1.225536235,18776,24,11.97682055,7.169860955,3.142325521
Brick_Cottage,1852,127,East,Stone,High,High,6.586048248,3.92114224,0.973330212,9323,31,15.01167008,11.52780188,10.18373569
Brick_Cottage,1892,69,North,Brick,High,High,6.107603462,4.551512685,1.683417686,10773,60,39.78492476,6.739279671,13.41495604
Brick_Cottage,1772,195,West,Stone,Medium,High,6.829668734,4.222607805,1.522678247,17786,22,26.8903883,9.497722847,7.386275458
Thatched_Hut,1839,270,West,Thatch,High,High,7.401892113,3.627719981,1.833128726,7568,52,20.69865396,6.925894302,16.88592607
Wooden_House,1886,109,North,Timber,High,High,5.396657185,3.96076031,1.538771019,6885,69,18.64608082,8.550007178,11.85317058
Thatched_Hut,1992,240,East,Brick,High,High,3.766775526,2.821966345,0.865292508,12060,75,17.70975206,10.50405025,17.25338111
Thatched_Hut,1760,183,South,Thatch,Medium,High,3.692369242,3.77916857,1.897488875,12844,28,29.92458295,11.17205766,6.549441124
Brick_Cottage,1897,209,East,Thatch,High,High,4.682660157,3.467681764,0.657253621,11111,69,22.58163495,10.87088068,11.31363587
Brick_Cottage,1994,142,North,Thatch,Medium,High,7.230178357,2.400033402,0.901914125,18450,48,38.96232098,9.075265153,12.20010096
Thatched_Hut,1710,92,East,Stone,Medium,High,5.59285222,2.72763283,1.280291912,14491,58,30.51529092,6.741714207,20.50907429
Wooden_House,1761,179,West,Timber,Low,Low,4.587146064,2.875080352,1.348613039,7338,64,33.76133773,9.628633683,16.75546912
Stone_Villa,1925,109,East,Thatch,Low,Low,5.096667178,4.772928701,0.52296588,14268,36,18.78224646,9.96933532,14.60496322
Thatched_Hut,1852,200,North,Timber,High,High,5.89438043,2.691159918,1.670859089,8758,75,12.37559227,5.074843931,18.41794816
Wooden_House,1898,260,West,Stone,Medium,High,6.111798633,2.867731708,1.042410978,16373,65,24.63468512,8.074473577,17.34383724
Brick_Cottage,1751,80,East,Thatch,Low,Low,4.115678039,3.10806239,1.109627812,9810,86,19.4374464,10.9028343,17.93944693
Brick_Cottage,1959,292,East,Stone,High,High,7.408126706,3.991228216,1.714054317,14139,88,16.06249495,8.427113174,19.3252944
Wooden_House,1758,54,West,Stone,Low,Low,5.679088908,2.354715177,1.068925088,11791,33,38.57926392,7.179628095,9.377000759
Stone_Villa,1771,260,South,Timber,Low,Low,4.042753271,4.861835637,0.570837315,12171,86,23.31964643,11.1025844,17.76703056
Brick_Cottage,1847,211,West,Thatch,Medium,High,7.074541013,4.59671366,0.764659656,16930,42,15.24125776,6.091164883,11.84167412
Brick_Cottage,1762,59,South,Stone,Medium,High,3.798553724,3.731648219,1.933854759,7731,80,15.95951958,6.445116627,15.126125
Brick_Cottage,1942,138,North,Thatch,Low,Low,7.130941733,4.022113602,0.605608044,17199,42,18.42129227,9.811606569,9.094029698
Wooden_House,1806,179,North,Timber,Low,Low,7.486262625,2.049981414,1.032396801,5869,46,39.97948805,7.467051591,13.16311749
Thatched_Hut,1925,175,West,Stone,Medium,High,6.301727197,3.016834326,1.254768751,10166,73,18.04034502,9.99111785,17.04927345
Brick_Cottage,1917,60,West,Timber,High,High,6.581788884,4.386980692,1.239921241,5093,29,19.86405414,6.103925349,11.38464845
Thatched_Hut,1940,227,North,Thatch,Medium,High,4.849211346,2.232448921,0.505939915,7987,96,29.77984384,6.765883627,26.81087483
Stone_Villa,1958,208,South,Thatch,Low,Low,7.266307411,2.846941503,1.251744097,17847,35,18.81884129,6.096531649,9.167049877
Brick_Cottage,1961,105,North,Timber,High,High,5.618855864,3.755890485,1.075658687,14967,60,16.47412753,11.67037219,10.96004965
Brick_Cottage,1704,256,West,Brick,Low,Low,6.429553786,2.769239083,1.958119003,15452,74,14.7591156,7.837827726,16.71159756
Stone_Villa,1960,250,North,Stone,High,High,7.196430864,4.801933922,0.738738626,13627,80,19.38047995,7.360539369,24.00798632
Brick_Cottage,1753,264,West,Thatch,Low,Low,7.400719904,2.393175892,1.031231295,9947,68,13.17747069,5.099415093,12.69683129
Thatched_Hut,1746,132,West,Thatch,High,High,6.832817426,4.392183074,1.129222228,11651,92,10.55939759,6.073923056,23.43625002
Wooden_House,1914,186,North,Stone,High,High,4.712070028,3.523846076,1.086040306,11979,71,34.13925092,7.947950994,18.15197037
Thatched_Hut,1876,148,South,Timber,Low,Low,7.366190066,4.250992327,1.498746241,11794,21,14.13684827,5.479519548,4.8113381
Wooden_House,1708,198,East,Timber,High,High,6.012478125,2.932145985,0.823269286,17492,69,33.27930549,8.575175307,16.62934981
Wooden_House,1798,122,North,Timber,Medium,High,7.222569905,3.543468807,0.831607329,11524,62,33.92627437,8.185108069,15.01639121
Thatched_Hut,1719,205,East,Brick,Low,Low,6.204420103,4.570506049,1.593816423,8144,96,26.13758579,10.37017698,26.62025491
Thatched_Hut,1940,239,North,Brick,Medium,High,4.728955847,3.400634297,1.250435778,8587,27,19.29045875,9.61861891,7.588533856
Thatched_Hut,1760,287,East,Thatch,Low,Low,4.980098097,3.079159586,1.122733514,18387,78,14.35098201,8.121631137,18.5317638
Thatched_Hut,1877,164,South,Timber,High,High,5.701887108,3.608466159,0.753804578,5076,84,32.1041532,6.572624901,22.48371009
Stone_Villa,1761,56,South,Stone,High,High,6.660059366,4.152088259,0.781290834,14007,31,28.04160958,10.08804496,11.71275289
Brick_Cottage,1844,129,North,Thatch,High,High,4.771930205,3.330690036,0.515827455,13959,23,29.66360369,9.955034724,7.916875431
Wooden_House,1915,193,West,Stone,Low,Low,5.818924665,4.816630925,0.637139403,11553,96,10.2600727,6.073073124,17.09959029
Thatched_Hut,1702,146,East,Thatch,Medium,High,4.882499974,2.884837472,1.335258042,16877,60,37.82551047,11.40326282,14.29037534
Thatched_Hut,1859,53,West,Brick,Medium,High,6.763077619,3.426390819,1.837809695,13297,26,11.98870562,5.450835812,5.528974616
Thatched_Hut,1926,53,West,Thatch,Low,Low,5.366912375,4.270782978,0.930747148,17108,88,21.00417655,5.385263962,23.10824948
Stone_Villa,1968,152,West,Brick,Low,Low,3.806891307,4.067363271,0.991620839,11694,88,22.08134949,6.311452924,16.01633653
Thatched_Hut,1819,89,South,Thatch,Medium,High,4.164210086,4.590923157,0.673408416,7873,49,10.04066573,11.36622559,11.25096041
Thatched_Hut,1788,66,North,Timber,Medium,High,3.74441867,4.990427542,1.082946418,8346,92,24.91267928,8.639986868,18.14179711
Thatched_Hut,1767,150,North,Stone,Medium,High,5.497211784,3.280574986,0.555832557,19423,25,32.58426984,10.51558644,13.39237397
Brick_Cottage,1797,152,South,Timber,Medium,High,3.925349189,2.333452639,1.876401044,19034,38,34.69805959,6.594902317,10.06890951
Stone_Villa,1966,173,South,Thatch,Low,Low,3.956559877,2.091247642,1.509667022,12024,99,36.3819098,8.431553823,21.98237207
Thatched_Hut,1804,101,North,Thatch,Low,Low,7.26419304,4.180630718,1.986123214,8148,85,24.63156605,7.508026245,25.82749456
Wooden_House,1822,270,West,Thatch,High,High,6.990620289,4.622041014,1.824234744,16340,29,28.91908572,10.79480025,9.201737869
Wooden_House,1728,101,East,Brick,Medium,High,5.308346387,2.662137758,1.209485891,14657,35,12.3855914,5.158231076,14.48970946
Wooden_House,1836,213,East,Stone,High,High,7.443221283,2.475344112,1.279527547,15779,56,24.64114673,6.70689911,11.28604901
Stone_Villa,1894,173,East,Stone,Low,Low,3.500746113,2.186615275,0.78586407,5244,98,14.64447265,6.06801957,19.66466216
Stone_Villa,1925,215,West,Thatch,Low,Low,5.955917825,4.468108765,1.193059014,7625,96,21.08929353,11.01432327,23.74595321
Wooden_House,1869,280,North,Thatch,High,High,5.965712709,2.93414582,1.85454181,8849,96,19.87915939,8.272806948,26.42478055
Thatched_Hut,1708,227,South,Brick,Medium,High,5.329772223,3.205090678,0.576280135,14597,51,22.70621732,7.829540307,11.13365571
Stone_Villa,1739,112,North,Timber,Medium,High,5.087791892,3.508250575,1.795335204,14173,66,27.14909854,8.146379335,21.13430585
Wooden_House,1724,278,West,Timber,Medium,High,5.321532542,4.518359703,1.011421702,12737,91,37.08629941,11.80347185,23.14991651
Wooden_House,1960,165,South,Stone,Medium,High,5.159841744,3.952499665,1.849269148,19024,62,21.83453894,10.95187176,17.98308285
Thatched_Hut,1925,240,West,Brick,High,High,6.42196991,3.84519389,1.91131986,17000,55,39.43393587,9.944581403,15.1375353
Brick_Cottage,1823,111,East,Thatch,High,High,4.04142174,2.5270163,1.506297331,13333,45,32.77084144,7.033352715,10.0129283
Stone_Villa,1737,276,East,Stone,Low,Low,4.290556882,3.539569675,1.49663568,5892,29,25.3444314,6.156210997,13.36083354
Thatched_Hut,1950,56,West,Brick,Medium,High,4.222072914,4.146143052,1.179131507,10487,50,29.32079311,11.4500354,17.08446737
Wooden_House,1875,204,South,Timber,Medium,High,4.54988234,4.919782649,1.753310337,12251,48,13.06672513,7.96152866,11.56505939
Wooden_House,1789,141,South,Brick,Medium,High,5.601033675,2.604218928,1.942419138,12310,24,35.33564594,6.951290596,4.808773472
Thatched_Hut,1736,263,North,Timber,High,High,3.944834989,2.028630059,1.662622701,7399,96,27.47072365,8.296445785,18.35803024
Stone_Villa,1875,63,East,Brick,Medium,High,6.972677181,2.225904301,1.432905101,9640,20,39.58202441,11.42493196,9.889834242
Brick_Cottage,1983,248,North,Stone,High,High,4.689446125,3.127557396,1.410189344,7960,22,29.09286231,7.709471194,3.349882078
Brick_Cottage,1780,278,North,Timber,Medium,High,4.15015195,4.461633943,1.774204852,15391,86,35.0233475,8.938486981,19.95883257
Wooden_House,1813,135,West,Stone,Medium,High,6.202485238,2.021426245,1.311805649,12325,90,33.99288228,10.62076411,20.41007748
Stone_Villa,1739,182,West,Stone,Low,Low,3.652345202,3.370191779,1.705789829,6469,54,20.36383454,7.989927717,15.20805327
Brick_Cottage,1923,232,North,Timber,Medium,High,5.979874259,2.987691846,1.263327883,15892,34,17.78831876,6.634792613,5.797597212
Stone_Villa,1814,179,East,Timber,Medium,High,6.292793723,2.15744513,0.593666412,16197,86,22.9148075,11.96168024,20.13285425
Stone_Villa,1885,111,West,Thatch,Low,Low,4.359666126,3.35070886,1.075920513,18050,49,24.01724033,11.695996,12.83350059
Wooden_House,1755,268,North,Thatch,High,High,3.667856294,2.764246122,1.166661437,8374,94,17.20254106,10.90435418,21.34622218
Brick_Cottage,1739,198,North,Thatch,High,High,4.954581436,3.055654503,0.712425867,17911,62,36.8379362,9.818617156,15.64893763
Thatched_Hut,1739,295,North,Stone,Medium,High,3.894376921,4.116845914,0.653744494,13847,79,26.27643587,7.064059396,17.005698
Wooden_House,1936,279,North,Stone,High,High,3.965911399,3.564652952,1.303197424,19785,59,39.35333176,11.39389057,17.2644411
Brick_Cottage,1988,128,North,Thatch,Medium,High,4.517044926,2.373942287,0.627715455,15960,84,34.30053334,6.928896691,24.57848694
Brick_Cottage,1961,198,North,Stone,Low,Low,4.681871699,4.884243621,0.954417752,18535,48,26.67114581,10.60566646,14.42309352
Brick_Cottage,1915,187,West,Stone,Low,Low,5.619881364,3.907732297,1.616895464,13234,93,38.41120834,11.42780718,27.28652374
Brick_Cottage,1846,264,East,Timber,Medium,High,6.213567542,4.297605277,1.946648269,15503,38,25.14624445,9.221026883,13.54983809
Brick_Cottage,1867,107,North,Timber,Low,Low,5.871083763,2.23763945,1.576805871,12923,22,36.61319538,10.62139353,11.51877005
Stone_Villa,1791,169,South,Stone,Low,Low,4.093441349,2.141175138,1.988938323,10122,55,20.74434344,10.54186569,9.691813845
Wooden_House,1758,216,West,Thatch,Medium,High,4.18834413,2.058344151,1.547506957,14852,62,21.3592715,6.352104258,14.55507481
Stone_Villa,1758,182,West,Brick,Medium,High,7.015076999,2.566382083,0.940691706,10387,34,22.54392049,9.675471315,10.4773896
Thatched_Hut,1868,114,North,Thatch,Low,Low,5.73340926,3.243225193,1.508078811,17883,60,26.39876938,5.654275558,13.93865808
Brick_Cottage,1968,62,West,Brick,High,High,6.979751332,4.8074784,1.553235148,12631,99,26.60470811,8.554951002,24.52475488
Wooden_House,1744,262,North,Thatch,High,High,4.986186045,3.371178978,1.057590477,12226,55,24.89196765,6.135648837,12.66307946
Brick_Cottage,1880,267,East,Timber,Medium,High,5.95760003,2.870765316,0.526570776,10108,96,19.18002921,7.914446492,24.38893457
Wooden_House,1869,291,East,Stone,Medium,High,5.594653664,3.685805761,1.554799677,7224,52,37.81619394,10.83087452,14.51565609
Stone_Villa,1890,286,West,Stone,High,High,4.776493959,2.335803734,0.532550143,7110,24,27.65758292,11.91017488,7.160039839
Wooden_House,1854,262,West,Timber,Low,Low,5.379661488,3.828517673,1.446782117,5957,97,22.23217649,7.225718822,27.70432994
Thatched_Hut,1887,230,South,Brick,High,High,5.509963507,3.705295863,0.745424733,12146,33,29.53530882,8.723689891,9.488223143
Thatched_Hut,1706,131,West,Brick,High,High,4.303083899,4.3759791,1.348405292,5560,87,33.03900273,8.579086171,19.76257931
Wooden_House,1832,278,South,Brick,High,High,4.76004149,4.960062835,1.255869538,14522,66,38.82184265,11.68081057,15.31208661
Wooden_House,1934,222,East,Timber,High,High,6.665639002,2.752620415,0.520270463,12413,73,24.98647487,8.350086127,22.70894197
Wooden_House,1744,209,East,Brick,Medium,High,7.163152958,3.528969352,1.044298725,6312,23,13.36295531,9.893743438,7.506361583
Wooden_House,1948,213,North,Timber,Medium,High,4.939176374,4.726596219,1.401636751,6821,28,23.22297404,11.45252463,9.10152544
Thatched_Hut,1730,258,East,Thatch,Low,Low,4.727889129,4.355569653,1.772909828,16194,72,24.36911684,7.613649917,14.48631106
Brick_Cottage,1722,276,South,Thatch,Low,Low,4.280788658,3.462218909,1.832963171,16595,96,36.90982235,11.31485567,23.17782903
Wooden_House,1859,290,West,Timber,Low,Low,6.213964675,4.836114949,1.225774955,10646,97,21.84402305,11.42219355,20.15342786
Wooden_House,1857,237,North,Stone,Low,Low,4.792398807,2.171710081,1.592633731,9945,79,38.59972795,11.51463753,22.05961391
Thatched_Hut,1738,188,South,Thatch,High,High,7.450998156,4.792995859,0.974681865,10374,65,24.55395723,6.893123298,21.12755363
Thatched_Hut,1781,240,West,Brick,Medium,High,4.802739208,2.151522177,1.013279609,7651,73,39.21341503,7.80248916,21.5103202
Stone_Villa,1957,198,North,Timber,Medium,High,5.076544187,3.641914232,0.791695279,18821,93,10.24594963,11.09277136,22.24675445
Wooden_House,1905,101,East,Brick,Low,Low,5.913336785,4.671322844,1.342922165,15006,56,36.96446124,7.51413277,16.475035
Stone_Villa,1776,232,South,Brick,Low,Low,6.706737173,2.788162831,0.971846226,14933,42,37.93361356,9.201771231,15.82755626
Thatched_Hut,1711,166,West,Stone,High,High,5.378074661,3.416745497,0.626556345,9701,46,38.83062807,5.826381551,13.83369318
Thatched_Hut,1994,75,North,Brick,High,High,5.190624135,2.972986637,1.52750913,17000,89,10.39229603,5.393924917,21.87064822
Brick_Cottage,1923,245,North,Stone,Low,Low,7.482551334,4.856431751,1.561629811,7877,85,15.1510251,7.883957926,18.26997869
Wooden_House,1712,83,East,Thatch,Medium,High,3.541974565,4.470936784,1.039988628,10582,80,29.61293509,9.052415728,14.61936777
Stone_Villa,1745,101,West,Timber,Medium,High,7.080261155,4.127004534,0.615085099,16462,96,10.76418075,7.748893794,21.40150254
Thatched_Hut,1854,161,East,Brick,Medium,High,4.096563304,3.76288096,1.139446576,10390,70,11.90826989,9.044150391,15.04806012
Thatched_Hut,1812,131,East,Timber,Low,Low,6.643701105,4.461775368,1.163503187,9083,69,16.63236621,8.605590633,14.62804063
Stone_Villa,1932,281,West,Brick,Medium,High,5.971726239,3.176801125,1.503006327,5745,38,25.37319306,9.799950605,13.44028749
Brick_Cottage,1716,276,West,Timber,High,High,4.867389142,3.342655565,0.973124587,13749,20,26.37707678,9.546727017,2.897561635
Thatched_Hut,1922,282,West,Brick,High,High,6.995499822,4.190005163,1.52389892,19399,59,11.02783368,7.969719922,12.03407254
Wooden_House,1887,270,South,Brick,Low,Low,3.551628912,3.07326429,1.807232813,16493,51,15.11101752,7.974966683,14.37757006
Thatched_Hut,1862,229,West,Brick,High,High,4.406762608,2.191702826,0.856229064,5941,41,24.9911702,5.98544838,11.07665139
Wooden_House,1773,206,North,Brick,Low,Low,5.767571185,2.223003827,1.968379334,9023,85,27.81821863,8.592670005,22.99990969
Stone_Villa,1932,215,East,Brick,Medium,High,4.90616904,2.346088404,1.079552206,7296,59,14.45205089,9.110253897,14.55109761
Wooden_House,1923,91,South,Brick,Medium,High,5.941509981,4.60904397,0.900888028,18557,57,21.96524236,8.335425781,19.40732157
Stone_Villa,1759,70,West,Brick,Medium,High,3.596440774,3.416679277,1.132266774,5939,67,37.1320431,7.279951346,18.43339275
Wooden_House,1921,91,South,Brick,High,High,3.965835722,4.138647108,0.641596214,6610,74,39.96697861,10.05153981,13.9179975
Stone_Villa,1736,190,West,Brick,Low,Low,4.008384961,3.178728007,0.68855886,11300,94,39.61643364,5.522631513,22.19008305
Wooden_House,1977,162,South,Timber,Medium,High,4.257134584,2.776132842,1.12165107,6725,74,36.45023531,11.40108259,14.72398113
Brick_Cottage,1895,154,East,Stone,Low,Low,5.337325763,3.041576503,1.643666783,14176,70,21.83980264,5.144504077,22.07007911
Wooden_House,1941,241,East,Brick,Medium,High,6.508514798,4.382547036,1.850468359,14779,79,30.59722876,11.73645093,15.80681463
Wooden_House,1918,66,North,Stone,High,High,7.122155352,3.875648375,1.497226986,17213,27,22.49776683,8.236489207,8.440623149
Brick_Cottage,1891,169,North,Brick,High,High,6.841490121,4.81291934,0.657829333,14528,87,29.4558108,7.888689608,19.44958016
Thatched_Hut,1716,186,West,Brick,Low,Low,4.287551487,4.039114336,1.508029643,19162,94,19.28297413,6.795108122,24.98027144
Thatched_Hut,1711,218,East,Timber,High,High,5.264602209,3.710544895,1.453141881,16329,91,28.18606761,5.070497944,20.72247325
Wooden_House,1892,178,South,Thatch,High,High,4.297646391,3.830588027,1.708645877,13853,28,25.7127549,6.923531851,13.85432715
Brick_Cottage,1721,179,South,Thatch,Low,Low,4.557887267,4.827114318,1.737873,12187,21,10.73440797,5.765799478,1.785390591
Wooden_House,1819,109,South,Timber,Medium,High,5.514187926,4.36460279,1.802304614,5032,99,33.72108711,9.618745899,20.28822122
Stone_Villa,1909,97,North,Stone,High,High,3.772436099,2.072123712,1.121197272,19104,89,10.35693497,7.233524806,16.52159435
Stone_Villa,1969,78,South,Thatch,Low,Low,4.372697318,3.602419088,1.546796593,19893,78,18.79467827,10.3702553,20.70282583
Wooden_House,1891,146,North,Timber,High,High,7.241512645,4.065015235,0.902375538,19408,38,10.17772196,6.448413311,14.73401795
Thatched_Hut,1874,59,North,Timber,High,High,5.364465171,4.246095435,1.99900442,10985,47,21.2860424,11.301644,7.665021831
Thatched_Hut,1984,291,West,Thatch,High,High,5.281546104,2.639426358,0.763001362,8414,91,11.89481584,8.660870606,15.62268193
Wooden_House,1903,107,South,Stone,High,High,3.558268619,4.601532063,0.515171647,6156,33,37.405329,5.801543375,13.40492711
Wooden_House,1863,237,South,Timber,Low,Low,4.489598988,4.867529442,0.723213072,8126,43,22.47037885,7.80591665,7.864174117
Stone_Villa,1950,281,East,Brick,Low,Low,6.965169744,2.710145918,1.663808434,13252,63,23.78487325,6.447323668,13.50159333
Thatched_Hut,1926,70,West,Stone,Low,Low,4.158513713,4.647846373,1.170175515,17120,75,20.49550708,6.397797983,13.07291331
Wooden_House,1706,77,East,Stone,High,High,5.160499758,2.290936288,1.171250372,6543,70,28.82518463,8.544588164,13.25192948
Stone_Villa,1728,252,West,Thatch,High,High,3.557323623,2.167120508,1.932534379,5271,51,33.5322435,9.703244109,11.02799193
Thatched_Hut,1732,296,South,Thatch,High,High,5.413341927,2.3876714,1.879452362,19581,69,29.44440229,11.38132744,12.8249006
Brick_Cottage,1833,83,North,Brick,Low,Low,3.584084427,2.173223238,0.966792107,10295,60,32.44621355,8.515134075,14.02242767
Stone_Villa,1778,57,North,Timber,High,High,6.778438212,4.535036711,0.813587193,9076,85,37.17920991,11.76087143,25.08271612
Thatched_Hut,1757,236,North,Thatch,Medium,High,6.79941507,2.177150433,1.772723315,19963,44,35.90639595,11.59144396,11.73526091
Thatched_Hut,1725,263,North,Thatch,High,High,6.650968753,2.814992574,1.859028607,16580,80,30.22175358,11.05543771,22.41491382
Stone_Villa,1925,249,North,Stone,Medium,High,4.633456276,2.311269031,1.312395384,10902,85,16.43913889,8.499840855,15.1997735
Brick_Cottage,1984,226,East,Thatch,High,High,6.848948873,2.886266109,1.444135567,15944,61,29.13108553,5.986327606,18.93406934
Stone_Villa,1703,128,West,Thatch,Low,Low,5.67199253,2.271678403,0.885371427,7709,84,25.18249287,6.525331289,19.01665113
Thatched_Hut,1798,194,South,Thatch,High,High,4.995232435,4.004009752,1.701204032,14346,55,31.51657693,9.533690019,17.24006469
Wooden_House,1738,237,East,Thatch,Medium,High,6.001319839,2.399980449,1.448183643,10221,95,34.98794945,7.952284862,20.27151803
Wooden_House,1970,136,West,Stone,Medium,High,3.549364184,4.555537778,1.255270267,17597,28,32.28164492,6.027611422,13.37615808
Stone_Villa,1984,137,North,Brick,High,High,4.07184351,4.451573152,0.590162834,17045,55,35.3968351,8.352957535,12.33078579
Thatched_Hut,1856,222,West,Brick,Medium,High,6.469174153,2.040985056,1.873902444,18603,57,11.9159912,5.122013819,13.33316137
Wooden_House,1774,260,West,Timber,Medium,High,4.476646435,4.687179067,1.423177131,14937,52,10.94860115,10.1372676,16.20753692
Thatched_Hut,1987,118,North,Thatch,Low,Low,5.892036469,2.08683295,0.789036642,19830,61,17.75501703,5.515069061,16.60332972
Stone_Villa,1829,209,North,Stone,High,High,5.040410411,2.718937355,1.409579175,16624,80,37.01998252,9.403795339,18.99915958
Wooden_House,1874,221,North,Timber,High,High,6.919223115,2.097167413,1.516195031,13529,65,34.70977753,10.55107215,22.31639635
Thatched_Hut,1783,242,South,Timber,High,High,7.309661224,3.007530461,1.288655505,11722,80,30.48181893,5.928507121,19.80808525
Wooden_House,1721,136,North,Brick,Medium,High,7.034258913,3.541599577,1.577152607,13201,37,31.02276002,8.630470835,8.242018419
Stone_Villa,1726,150,South,Stone,High,High,4.582479979,4.389934607,1.372180922,9144,89,31.80011408,10.4534726,26.14904576
Thatched_Hut,1894,57,North,Stone,High,High,4.276651476,3.013944651,1.921654373,10606,99,38.27808101,6.824434183,22.07969621
Wooden_House,1935,126,South,Stone,Low,Low,5.397739574,4.116470074,0.580545618,11766,34,34.96573457,6.140416151,15.2799385
Stone_Villa,1791,249,West,Brick,Low,Low,3.529336603,2.562513371,0.659368563,18632,67,28.70171161,7.357733777,13.21870066
Wooden_House,1720,298,East,Brick,Low,Low,3.603237571,4.25179537,0.760507455,5730,91,29.97146306,8.882894236,23.53572596
Wooden_House,1783,136,West,Brick,Medium,High,5.713162558,2.707989818,1.535256606,9890,32,16.41220786,9.026957164,9.336904577
Brick_Cottage,1961,92,West,Brick,High,High,5.581797617,2.430634268,1.468393809,6648,62,29.71956475,5.916134334,21.788694
Brick_Cottage,1846,178,North,Brick,Low,Low,7.478327956,2.556226551,1.83808829,9228,79,22.74037037,8.202981934,20.70090819
Stone_Villa,1956,158,South,Thatch,Low,Low,4.307367341,2.546189387,1.599316179,16846,76,14.58885612,6.877975369,12.68712573
Brick_Cottage,1757,228,East,Thatch,Low,Low,4.532415717,3.538588638,1.262533231,7130,90,34.19208458,10.89416953,22.54536231
Stone_Villa,1714,201,North,Stone,High,High,3.954162569,4.534392744,1.987747689,19392,36,25.30741299,7.195025924,6.721981963
Brick_Cottage,1861,276,North,Timber,High,High,7.170172039,2.238815231,0.899161934,17663,69,39.32275125,10.87093167,22.12858396
Wooden_House,1862,201,North,Stone,High,High,6.611244978,4.120868955,1.74978749,15588,51,18.45038063,7.999952288,17.31635206
Stone_Villa,1980,66,West,Timber,Medium,High,6.789356446,3.963039379,1.140185558,9366,41,24.42010337,10.08610036,11.84040368
Stone_Villa,1979,182,South,Brick,Medium,High,7.111055152,4.617559855,1.473102708,6506,74,23.43986364,8.5704216,21.81764419
Wooden_House,1711,197,South,Timber,Low,Low,5.599599947,2.732442682,1.590902706,7158,76,13.62338567,9.353738369,13.94249822
Stone_Villa,1973,70,East,Stone,High,High,5.304772766,3.350329576,1.450631131,7916,32,22.78345836,7.767495576,9.69801497
Stone_Villa,1970,281,South,Stone,Low,Low,4.821565895,4.777482123,0.710760955,17363,66,18.62660369,10.37744737,14.33739649
Brick_Cottage,1907,107,South,Timber,High,High,5.856858457,3.97998035,1.164426516,8229,81,14.80961414,7.976325685,20.12729938
Stone_Villa,1726,208,North,Thatch,High,High,5.317113587,3.166305239,1.342157567,16795,73,18.46466752,8.202231526,12.90934913
Thatched_Hut,1771,159,North,Brick,High,High,5.306262346,2.394237149,1.773565639,19244,48,16.99755074,8.623750678,14.74936449
Wooden_House,1759,277,West,Brick,Medium,High,7.247711455,2.787455024,1.165468623,14858,41,32.02220593,10.82276883,8.652815449
Brick_Cottage,1844,188,North,Stone,Medium,High,7.436126057,3.743646432,1.878120957,17616,84,10.92325535,9.6156525,21.25197324
Brick_Cottage,1792,229,North,Thatch,High,High,6.685937557,4.154503843,1.160561335,11265,48,28.52388244,7.444122706,9.491104737
Thatched_Hut,1707,192,North,Timber,Low,Low,6.527032361,2.373265661,1.323169789,9136,67,32.81984026,9.692237438,21.32593336
Wooden_House,1778,260,North,Brick,High,High,6.222232647,3.79879178,1.694428524,18478,24,24.42170369,9.496986011,5.200885793
Wooden_House,1726,184,West,Thatch,High,High,4.164299409,3.651053837,1.374601527,16161,54,37.9469494,11.51713493,14.52839242
Brick_Cottage,1873,292,North,Brick,Low,Low,3.736423284,3.54186634,1.940327109,7689,93,31.23642086,10.88991505,19.02879975
Stone_Villa,1749,77,East,Thatch,High,High,6.26290526,4.070369353,1.490503746,12190,90,32.43770954,9.532128466,24.69526991
Brick_Cottage,1898,100,East,Thatch,Low,Low,6.415144889,4.512348785,1.284064181,15518,65,15.90800462,7.390549775,14.53377395
Wooden_House,1880,284,East,Stone,Medium,High,3.687891964,2.96896905,0.535387952,7810,54,33.31886728,10.45703514,16.13051762
Thatched_Hut,1723,235,East,Brick,Medium,High,7.212207001,4.66703657,1.120599346,15708,64,34.96284208,9.026458051,15.94580817
Brick_Cottage,1745,54,North,Timber,Low,Low,3.864562558,2.481900838,0.948872629,16663,32,20.83799165,11.89688992,10.56143337
Wooden_House,1714,54,East,Stone,Medium,High,4.643602135,2.519071609,1.622158502,11152,29,16.40089204,6.7325429,3.721436655
Brick_Cottage,1852,143,North,Stone,Medium,High,6.189559251,2.800316191,0.812416513,5012,85,21.55152038,5.557590887,18.97152684
Stone_Villa,1921,295,West,Timber,Low,Low,4.179490378,2.358592609,0.807830131,18211,89,32.18823907,5.489242683,21.99705562
Brick_Cottage,1905,145,East,Stone,Medium,High,3.721663554,2.690957674,0.784278565,16162,91,22.52917018,9.480212718,15.86830207
Brick_Cottage,1972,57,South,Thatch,High,High,4.824585957,2.319235289,0.68842342,10938,44,32.09955626,11.5748216,8.967624897
Wooden_House,1935,113,East,Thatch,High,High,6.563886299,4.465257251,0.966510506,12999,63,13.40693623,5.0135234,20.56530191
Wooden_House,1927,187,East,Brick,Low,Low,5.154714716,2.416906976,1.828883172,12219,79,34.18035131,10.08039733,24.54765568
Wooden_House,1708,87,North,Brick,Medium,High,6.111891688,4.241892673,1.662392708,10328,66,17.59622445,9.599456278,18.49317651
Brick_Cottage,1865,160,East,Timber,High,High,5.818476389,2.143741604,1.602876824,8621,59,17.46786963,10.12612935,11.95279979
Stone_Villa,1913,273,South,Brick,High,High,3.588873928,4.845560983,1.696005208,8683,26,27.71142896,7.487837847,5.873186745
Thatched_Hut,1816,161,North,Thatch,Medium,High,7.454159948,4.133480263,0.904126834,12872,65,12.10354137,10.74347511,17.24664267
Thatched_Hut,1771,269,North,Timber,Medium,High,3.665712355,2.020389646,1.831162536,16665,42,10.7889318,5.31294852,6.42515582
Wooden_House,1763,130,West,Timber,High,High,7.371210951,4.291569501,0.705955063,10310,65,17.83085996,10.2880177,20.89418173
Wooden_House,1904,272,West,Brick,High,High,5.699456713,3.542245762,1.00451859,16314,32,26.14202652,6.869503589,7.738159286
Brick_Cottage,1908,185,East,Thatch,Low,Low,7.352636108,4.338095511,1.380122178,16656,40,37.22849159,8.337864424,18.72795058
Thatched_Hut,1771,153,West,Timber,Low,Low,3.959014398,3.567490427,0.654357633,5652,20,35.39305529,10.7584539,7.324459901
Wooden_House,1976,202,West,Thatch,High,High,5.461634077,3.923074573,1.595195282,10799,38,24.7133938,6.899513246,14.13655366
Stone_Villa,1973,122,West,Thatch,Low,Low,4.178016367,4.358994966,1.080869072,13812,79,11.11155981,6.296452582,12.76271459
Stone_Villa,1794,243,North,Thatch,High,High,3.703899508,3.215324164,1.676608498,8790,52,26.05758204,9.769192297,16.79133355
Wooden_House,1865,256,North,Brick,High,High,5.97011646,2.008124449,1.239344428,19250,23,31.143868,8.733764241,6.65271263
Wooden_House,1731,227,North,Stone,Low,Low,4.331133684,4.549839488,0.771311787,6645,22,20.17493598,8.600827081,8.542262469
Thatched_Hut,1710,244,West,Stone,Low,Low,5.850788073,3.142671088,1.602142717,15435,71,13.3318991,6.797386609,20.16265943
Thatched_Hut,1916,98,North,Timber,Medium,High,3.949457928,3.488128178,0.878215934,9512,47,18.3570386,5.244162141,8.803077801
Brick_Cottage,1988,85,West,Thatch,Medium,High,4.827945886,2.023299926,1.236215452,9759,89,33.14766593,7.871883968,21.37945756
Thatched_Hut,1801,175,North,Brick,Medium,High,6.626530232,3.476276031,0.613299904,16683,89,20.53731497,5.745916363,21.95617275
Stone_Villa,1966,117,North,Thatch,High,High,5.248206087,4.959462205,1.426799982,10874,74,34.35944472,11.34192405,16.71285736
Stone_Villa,1913,127,South,Thatch,Low,Low,6.01098166,2.834802982,1.498786649,16903,76,19.58564355,5.288752264,18.92386303
Wooden_House,1878,154,East,Brick,High,High,6.089831763,3.186254811,1.068011315,8688,35,14.90665115,8.021555979,8.106726377
Thatched_Hut,1787,218,West,Stone,Low,Low,6.875020176,4.061569989,1.93163417,12689,43,23.07545079,5.365719086,11.8793888
Brick_Cottage,1740,266,South,Thatch,High,High,4.799691178,4.444381003,1.811253382,6379,88,23.56823537,5.668807122,22.91621949
Stone_Villa,1775,171,North,Thatch,Medium,High,6.24918225,3.252174872,1.561911374,9243,60,10.48324656,9.612066668,15.57643513
Stone_Villa,1745,168,West,Stone,Medium,High,7.346463228,2.929006611,1.570478112,15237,96,13.51135218,9.529778827,19.64106832
Brick_Cottage,1859,239,North,Brick,Medium,High,6.420973337,4.8134774,0.878602572,16240,66,15.54778056,5.231365364,20.8938205
Brick_Cottage,1779,163,East,Timber,High,High,5.459481907,4.0314349,1.485222847,14580,95,13.40761952,5.007920326,25.6968043
Stone_Villa,1785,59,South,Stone,Low,Low,6.022869778,2.357063913,0.797309398,11507,88,20.24578226,5.551726541,21.61650087
Stone_Villa,1791,198,East,Timber,Low,Low,6.458731591,2.206783634,0.716004836,12819,50,38.93868567,10.34099228,14.38754333
Brick_Cottage,1847,213,South,Timber,Medium,High,5.949103063,3.450649552,1.999201841,19013,49,25.27667615,9.092035309,12.25237191
Stone_Villa,1860,189,North,Stone,Medium,High,3.566703254,2.660270198,1.433563897,13593,37,28.82668072,5.266827716,13.08533334
Wooden_House,1901,140,East,Thatch,Medium,High,4.279093991,2.76195426,1.146481809,7653,63,20.69159436,8.416679111,16.84203118
Wooden_House,1941,281,East,Timber,Medium,High,6.741872869,4.633076536,0.932246784,10611,46,19.70463285,9.984205499,9.506364689
Brick_Cottage,1701,51,North,Timber,Low,Low,4.590602589,2.268698073,1.405880665,11127,45,10.69440316,11.08265976,11.86278997
Thatched_Hut,1924,167,East,Brick,High,High,6.426248478,4.146092346,0.574390262,17516,79,25.01000967,11.53825543,16.73078606
Brick_Cottage,1988,62,West,Thatch,High,High,4.988480861,2.81342676,0.642021486,18886,37,24.5082702,7.292083941,6.072234028
Brick_Cottage,1932,230,South,Timber,High,High,5.587537313,4.280984664,0.549285047,8923,75,14.73492179,5.950826999,20.06918221
Thatched_Hut,1776,209,South,Brick,High,High,3.771893199,4.167234153,1.24875475,19872,50,32.92972001,6.658481445,15.29515834
Thatched_Hut,1815,144,South,Thatch,Medium,High,4.224902244,2.022175704,1.400909944,13459,78,24.78022991,10.43320044,17.21192665
Thatched_Hut,1853,193,West,Stone,Medium,High,7.328787854,3.527406239,0.593719642,18716,21,20.1698191,11.80038951,7.778158496
Wooden_House,1802,81,South,Stone,Medium,High,7.060552214,2.417958447,1.581836701,10912,58,14.40726727,8.264755322,19.38974369
Stone_Villa,1893,81,North,Brick,High,High,6.109100444,4.598681092,0.845592607,10130,80,26.56482481,7.137472495,21.23554001
Wooden_House,1865,173,East,Stone,Medium,High,5.33857839,4.614757649,1.527802181,10439,82,32.58451078,8.004334074,22.30571281
Stone_Villa,1789,275,West,Timber,Medium,High,6.203045172,3.255037422,1.97284571,12880,37,18.45998058,7.133692013,6.559895451
Wooden_House,1873,60,South,Thatch,Low,Low,5.974441156,3.333186855,1.536658805,17413,36,16.56383055,6.795412662,7.144465707
Stone_Villa,1821,59,North,Timber,Low,Low,5.774209022,2.909848818,1.824789579,11449,58,25.65804892,9.156255267,13.23118111
Wooden_House,1842,64,East,Timber,Medium,High,3.736708287,4.149818897,1.92229776,6725,90,14.66029908,5.110151863,20.70614686
Thatched_Hut,1805,66,East,Stone,Low,Low,6.031210443,3.075984089,1.230126573,14304,73,29.9984016,6.816865741,22.01798119
Brick_Cottage,1822,217,West,Timber,Low,Low,6.575680178,2.803377424,1.553487469,12522,95,28.16030884,9.629674545,21.39034484
Wooden_House,1708,195,West,Stone,Medium,High,7.476326619,3.296693179,1.77795388,15867,54,12.61246149,5.224438874,13.31834599
Stone_Villa,1961,232,West,Thatch,Medium,High,3.54431421,2.274462555,1.034913369,18663,30,11.09561138,5.582412716,5.326744552
Thatched_Hut,1772,250,North,Thatch,Medium,High,6.420693813,4.239809614,0.892095975,9784,80,28.60865958,7.053773014,18.20655155
Wooden_House,1922,202,North,Timber,Medium,High,5.787157264,2.037789204,1.919897859,14472,63,18.82881322,11.14463359,19.63617169
Wooden_House,1740,281,West,Brick,High,High,5.236208704,3.933455185,1.589455251,6232,87,12.5933726,10.35420312,20.56117278
Thatched_Hut,1903,108,South,Stone,High,High,4.010280698,2.54859358,0.8295232,17568,44,32.78286115,5.155096406,9.611419618
Wooden_House,1963,127,East,Stone,Medium,High,5.136340595,2.697212139,1.173625089,17730,67,19.42132009,8.511989717,18.43039014
Brick_Cottage,1877,173,East,Timber,Low,Low,4.917508732,3.906895996,1.694677654,15055,51,23.78798649,6.922812458,15.87320196
Wooden_House,1783,299,North,Stone,Medium,High,4.711319556,4.978830397,1.320594486,18124,23,17.10438782,9.540519613,8.422696598
Brick_Cottage,1810,266,East,Stone,Medium,High,6.423518493,4.333152467,1.474928147,17676,57,28.81951235,10.05087718,11.8307395
Brick_Cottage,1950,163,South,Brick,Low,Low,6.302902085,2.677518897,1.630652303,13808,82,19.04465246,11.04003804,18.32782352
Thatched_Hut,1706,71,East,Brick,High,High,5.856080364,2.528074265,1.433013783,13338,66,39.04062884,8.32791366,14.43408364
Wooden_House,1783,293,North,Timber,Medium,High,7.254659253,4.598698611,1.310118983,12446,20,31.08842646,11.96115062,11.51014719
Thatched_Hut,1907,207,North,Brick,Medium,High,4.899417537,3.332551844,1.624421427,9616,22,14.10166829,11.85990275,7.439616479
Wooden_House,1721,261,South,Timber,High,High,4.475207751,2.411158408,1.591344553,9725,81,22.50084519,11.17516707,18.52469435
Wooden_House,1702,262,South,Thatch,High,High,6.123613252,4.58663427,1.4448086,8677,83,21.56263299,9.024086466,18.4434074
Stone_Villa,1826,221,East,Timber,Low,Low,4.295256244,4.448277059,1.03968412,19769,36,26.02741332,7.786045063,7.235655186
Wooden_House,1996,81,East,Thatch,High,High,4.760042029,4.951719092,1.108718138,11287,97,35.25792023,7.550704171,19.86014809
Thatched_Hut,1887,228,North,Timber,High,High,4.39840976,4.72923106,1.955657823,13480,81,27.50266046,5.084873251,24.82490235
Brick_Cottage,1713,223,South,Stone,High,High,3.776614271,4.555371016,0.668578898,6409,54,11.84670033,6.744221481,9.520619292
Wooden_House,1711,162,South,Brick,Low,Low,6.809994967,2.157723193,0.902757376,13205,32,29.6624709,10.03165764,6.363659312
Stone_Villa,1786,169,South,Thatch,High,High,4.518162172,2.313246108,1.238602639,5256,54,10.24795894,9.225424699,16.85545976
Thatched_Hut,1711,198,East,Timber,High,High,5.392110013,3.706949583,1.755094529,6721,62,33.39881382,11.41495532,16.64246274
Wooden_House,1724,276,South,Brick,Low,Low,3.673261093,3.594437739,0.745513496,6423,21,29.99908217,5.350155868,10.93307494
Thatched_Hut,1942,171,North,Timber,High,High,6.297357865,3.373889643,0.915431927,18518,75,19.26356975,6.086936222,14.29530714
Stone_Villa,1821,81,North,Brick,High,High,4.822244009,3.190367976,0.598697327,9953,96,18.77325414,10.52470653,22.05296469
Stone_Villa,1846,271,East,Brick,Low,Low,6.478946911,3.293631455,1.558977899,7990,70,33.9481899,7.509553418,18.1144814
Thatched_Hut,1754,168,West,Timber,Medium,High,5.149612242,3.707893802,0.857314153,6195,73,33.50010076,5.828417336,22.07877707
Wooden_House,1937,88,East,Thatch,Low,Low,4.283022426,2.006229553,1.083012126,9559,35,20.56907063,11.97515354,4.187644025
Brick_Cottage,1872,290,West,Thatch,High,High,5.552700329,2.782126322,1.165552171,9365,37,18.96843184,10.51075212,8.987948611
Stone_Villa,1920,61,South,Stone,High,High,4.022018239,3.554839162,1.836970903,6244,26,26.79474367,7.861187257,11.30898023
Wooden_House,1818,282,East,Brick,High,High,5.262156639,4.166648296,1.116995435,16415,64,10.2509698,10.76343234,14.53046148
Wooden_House,1882,224,North,Stone,Low,Low,4.76922191,2.522470077,0.71783753,11766,55,12.48001114,9.764227091,13.18015406
Brick_Cottage,1987,67,South,Stone,High,High,7.147838337,3.640643521,1.286472408,10302,60,13.7850877,10.52982332,10.8181101
Stone_Villa,1999,198,North,Timber,High,High,3.743714887,4.143379052,1.944436992,16662,61,15.56235453,10.70644464,9.81010953
Stone_Villa,1781,190,South,Timber,Low,Low,6.276069656,3.333882974,1.411528462,17359,26,25.3605438,5.593100783,11.52546511
Wooden_House,1910,198,East,Timber,Medium,High,4.231004664,2.081243401,1.975080831,17161,34,39.76725745,9.360810214,12.77053226
Wooden_House,1849,175,West,Brick,Medium,High,4.776180297,3.347804475,1.761660963,6306,79,29.57840205,5.047498871,24.92746452
Brick_Cottage,1736,185,South,Timber,High,High,5.162056252,2.889334663,0.553948634,15313,59,11.83896383,5.304193724,16.62361565
Brick_Cottage,1758,95,West,Timber,Low,Low,7.132060357,4.788948823,1.487599393,7402,56,25.76738122,11.32786006,15.00963125
Stone_Villa,1830,153,South,Brick,High,High,4.470313064,2.373840157,0.930150316,19038,85,24.89935637,8.692946049,23.55978119
Thatched_Hut,1901,287,North,Brick,Low,Low,3.86523521,3.957427867,1.339425283,5496,74,14.32503447,10.1513139,12.17958813
Stone_Villa,1942,184,North,Thatch,Low,Low,4.774758416,2.158159299,0.919017786,8399,96,37.60817106,10.86950693,22.66725314
Wooden_House,1734,200,South,Timber,Medium,High,3.918703882,3.338511313,1.023305625,18275,99,23.22295743,11.64710737,19.62331732
Stone_Villa,1792,285,West,Timber,Medium,High,4.014385944,3.661938462,1.884753068,16798,75,39.83677422,11.08546994,14.82015448
Thatched_Hut,1906,273,East,Timber,Low,Low,5.795402392,2.893864794,0.809964777,19915,63,22.60216886,8.383180141,18.7163029
Brick_Cottage,1912,252,East,Thatch,High,High,3.743607732,3.365226907,1.811163677,5909,76,28.23873108,7.351792152,18.53323885
Thatched_Hut,1858,135,North,Timber,Medium,Low,3.623723526,2.490661384,0.545686712,5372,25,13.14287609,6.081452653,7.47754604
Thatched_Hut,1723,199,East,Thatch,High,High,6.357656406,2.912371548,0.636314808,17649,51,23.62683471,7.802250377,13.29361348
Thatched_Hut,1992,284,North,Stone,Medium,High,4.946588379,3.863318975,1.782012562,11236,93,17.16297682,7.565455054,20.87987318
Brick_Cottage,1703,138,East,Thatch,Medium,High,4.001501397,2.905400168,1.445834046,6344,37,35.06694396,8.917023894,7.284214187
Thatched_Hut,1919,71,South,Stone,High,High,4.514451083,4.699229235,1.620854207,13515,87,33.51758755,9.658565861,22.80644937
Thatched_Hut,1719,141,North,Timber,Medium,High,6.068346029,3.885220873,0.814126506,7431,92,34.72539999,11.84827834,21.86153094
Thatched_Hut,1851,78,North,Stone,Medium,High,4.602146269,3.315947055,1.305625183,9670,26,31.70828313,10.0987033,11.81983652
Wooden_House,1749,62,South,Thatch,High,High,5.4780845,2.116270807,1.605828835,18023,27,34.98049671,9.506239727,6.698715977
Thatched_Hut,1876,259,North,Brick,Medium,High,3.986781227,3.498645006,1.440971206,7784,83,16.02486251,7.34564704,15.77729839
Brick_Cottage,1795,51,East,Stone,Medium,High,5.85237455,4.294328726,1.20754815,15585,26,23.5613133,5.241527135,10.89160889
Thatched_Hut,1804,78,East,Stone,Medium,High,4.764310735,2.796672794,1.93967568,17112,60,30.7554064,7.016875902,19.51435506
Thatched_Hut,1949,262,North,Timber,High,High,6.007873738,4.420320709,1.514236,14407,59,29.12177494,10.3791353,15.36226569
Brick_Cottage,1816,256,East,Thatch,Low,Low,6.733579529,2.755420298,1.8616262,6695,22,31.49063449,6.436903586,11.89801118
Thatched_Hut,1927,229,West,Stone,High,High,5.946585678,4.471239164,1.594655767,6907,36,16.72775149,9.985317356,14.84230373
Brick_Cottage,1765,76,North,Stone,Low,Low,4.68299025,2.255805025,1.603195293,9814,85,12.95304127,9.058458898,23.72776387
Thatched_Hut,1961,99,South,Stone,Medium,High,4.522974806,4.598551127,0.620027405,5780,98,37.50419734,6.202998088,26.81467595
Brick_Cottage,1994,144,West,Stone,Low,Low,4.809683835,3.497559353,1.039196933,6019,71,26.80515687,6.831373644,20.31494777
Thatched_Hut,1942,256,North,Brick,High,High,4.158482053,2.889612769,1.78755411,16457,41,14.61477774,8.474125224,7.522082627
Thatched_Hut,1885,292,South,Thatch,High,High,4.224687403,2.795339751,0.848905793,6403,23,33.80309746,7.928622936,11.84232518
Wooden_House,1945,200,East,Timber,Medium,High,6.662764408,3.296031677,0.673258799,6426,25,37.4478981,10.44994693,9.037203898
Wooden_House,1824,137,South,Timber,Low,Low,5.038930306,4.997148494,0.989159085,13855,57,15.08690556,10.1408325,18.01992831
Thatched_Hut,1967,93,West,Brick,Medium,High,5.243980722,2.66098218,0.830656827,10868,45,34.52237366,9.022021524,9.084100309
Thatched_Hut,1830,254,East,Thatch,Medium,High,5.876197862,2.309649947,1.887932292,15839,30,37.99675184,10.75592298,9.944993208
Stone_Villa,1936,71,North,Stone,High,High,5.858613981,3.755105506,1.801949963,5010,36,38.15084801,8.938686785,12.71505931
